ID,Prediction
1,0
2,0
3,0
4,0
5,0
6,0
7,0
8,0
9,0
10,0
11,0
12,0
13,0
14,1
15,0
16,1
17,0
18,0
19,0
20,0
21,0
22,0
23,0
24,1
25,0
26,0
27,0
28,0
29,0
30,0
31,0
32,1
33,0
34,0
35,0
36,0
37,1
38,0
39,0
40,0
41,1
42,0
43,1
44,1
45,0
46,0
47,0
48,0
49,0
50,0
51,0
52,0
53,1
54,0
55,0
56,0
57,0
58,0
59,0
60,0
61,0
62,0
63,0
64,1
65,1
66,1
67,0
68,0
69,1
70,1
71,0
72,0
73,0
74,1
75,1
76,1
77,0
78,0
79,0
80,0
81,1
82,0
83,0
84,0
85,1
86,0
87,0
88,0
89,0
90,0
91,0
92,0
93,0
94,1
95,1
96,0
97,0
98,0
99,0
100,1
101,1
102,0
103,1
104,0
105,1
106,0
107,0
108,0
109,1
110,0
111,0
112,0
113,0
114,0
115,0
116,1
117,0
118,0
119,0
120,0
121,0
122,0
123,0
124,0
125,1
126,0
127,1
128,0
129,0
130,0
131,0
132,0
133,0
134,1
135,1
136,1
137,0
138,0
139,0
140,0
141,0
142,0
143,0
144,1
145,0
146,0
147,0
148,0
149,1
150,0
151,0
152,1
153,0
154,0
155,0
156,0
157,1
158,0
159,0
160,0
161,0
162,1
163,0
164,0
165,0
166,0
167,0
168,0
169,0
170,0
171,1
172,0
173,1
174,1
175,0
176,1
177,1
178,0
179,0
180,0
181,0
182,0
183,0
184,0
185,0
186,1
187,1
188,0
189,1
190,0
191,0
192,0
193,0
194,0
195,0
196,0
197,1
198,0
199,0
200,0
201,0
202,0
203,0
204,0
205,1
206,0
207,0
208,1
209,0
210,0
211,0
212,0
213,0
214,1
215,0
216,1
217,0
218,0
219,0
220,0
221,0
222,0
223,1
224,1
225,0
226,1
227,0
228,0
229,0
230,0
231,0
232,0
233,0
234,0
235,0
236,1
237,0
238,0
239,1
240,0
241,0
242,0
243,0
244,0
245,0
246,0
247,0
248,0
249,1
250,1
251,0
252,0
253,0
254,0
255,0
256,1
257,0
258,1
259,0
260,0
261,0
262,0
263,0
264,0
265,0
266,0
267,1
268,0
269,1
270,0
271,0
272,0
273,0
274,0
275,0
276,0
277,0
278,0
279,0
280,0
281,1
282,0
283,0
284,0
285,0
286,0
287,0
288,0
289,0
290,0
291,0
292,0
293,0
294,0
295,0
296,0
297,0
298,0
299,0
300,0
301,0
302,1
303,0
304,0
305,1
306,0
307,0
308,0
309,0
310,0
311,1
312,0
313,0
314,0
315,0
316,0
317,1
318,0
319,1
320,0
321,0
322,0
323,0
324,0
325,0
326,0
327,1
328,1
329,1
330,0
331,0
332,0
333,0
334,0
335,0
336,0
337,1
338,1
339,0
340,0
341,1
342,0
343,0
344,1
345,0
346,0
347,0
348,1
349,1
350,1
351,1
352,0
353,0
354,0
355,1
356,0
357,0
358,0
359,0
360,0
361,0
362,0
363,0
364,0
365,0
366,0
367,0
368,0
369,0
370,1
371,1
372,0
373,1
374,0
375,0
376,0
377,0
378,0
379,1
380,0
381,0
382,0
383,0
384,0
385,0
386,0
387,0
388,0
389,1
390,0
391,0
392,0
393,0
394,0
395,0
396,0
397,0
398,0
399,0
400,1
401,0
402,0
403,1
404,0
405,0
406,0
407,0
408,0
409,0
410,0
411,0
412,0
413,0
414,0
415,0
416,0
417,1
418,0
419,0
420,0
421,1
422,0
423,0
424,0
425,0
426,1
427,0
428,0
429,0
430,0
431,0
432,0
433,0
434,1
435,1
436,1
437,0
438,0
439,0
440,0
441,0
442,1
443,0
444,1
445,1
446,1
447,1
448,0
449,0
450,1
451,0
452,0
453,0
454,0
455,0
456,0
457,0
458,1
459,0
460,1
461,0
462,1
463,0
464,0
465,0
466,0
467,0
468,0
469,0
470,0
471,0
472,0
473,0
474,1
475,0
476,1
477,1
478,1
479,1
480,0
481,0
482,0
483,1
484,0
485,0
486,0
487,0
488,0
489,1
490,0
491,0
492,1
493,0
494,0
495,0
496,0
497,0
498,0
499,0
500,0
501,0
502,1
503,0
504,1
505,0
506,0
507,0
508,0
509,0
510,0
511,1
512,0
513,0
514,0
515,0
516,0
517,0
518,0
519,0
520,0
521,0
522,1
523,1
524,0
525,0
526,0
527,0
528,0
529,0
530,0
531,0
532,0
533,0
534,0
535,1
536,0
537,0
538,0
539,0
540,0
541,0
542,0
543,0
544,1
545,1
546,0
547,0
548,0
549,0
550,1
551,1
552,1
553,0
554,0
555,0
556,0
557,0
558,0
559,1
560,1
561,0
562,0
563,0
564,1
565,0
566,1
567,0
568,1
569,0
570,0
571,0
572,0
573,0
574,0
575,0
576,0
577,1
578,0
579,0
580,0
581,0
582,1
583,0
584,0
585,0
586,0
587,0
588,1
589,0
590,0
591,0
592,0
593,0
594,0
595,0
596,0
597,0
598,0
599,0
600,0
601,1
602,0
603,0
604,0
605,0
606,0
607,0
608,0
609,0
610,0
611,0
612,1
613,0
614,0
615,0
616,0
617,0
618,1
619,0
620,0
621,1
622,0
623,0
624,0
625,0
626,0
627,0
628,0
629,1
630,0
631,0
632,0
633,0
634,0
635,0
636,0
637,0
638,0
639,0
640,0
641,0
642,0
643,0
644,0
645,1
646,0
647,0
648,0
649,0
650,0
651,0
652,0
653,0
654,0
655,0
656,0
657,0
658,1
659,0
660,0
661,0
662,0
663,0
664,1
665,0
666,0
667,1
668,0
669,0
670,0
671,0
672,0
673,0
674,0
675,1
676,0
677,1
678,0
679,1
680,0
681,1
682,1
683,0
684,0
685,0
686,0
687,0
688,0
689,0
690,0
691,0
692,1
693,0
694,0
695,1
696,1
697,0
698,0
699,0
700,0
701,0
702,1
703,0
704,0
705,0
706,1
707,0
708,0
709,0
710,0
711,0
712,0
713,1
714,0
715,0
716,1
717,0
718,0
719,1
720,1
721,1
722,0
723,0
724,0
725,1
726,0
727,0
728,0
729,1
730,1
731,0
732,0
733,0
734,0
735,1
736,0
737,1
738,0
739,1
740,0
741,1
742,0
743,1
744,1
745,1
746,1
747,0
748,1
749,0
750,1
751,0
752,0
753,0
754,0
755,0
756,1
757,0
758,0
759,0
760,1
761,1
762,0
763,0
764,1
765,1
766,0
767,1
768,0
769,0
770,0
771,1
772,0
773,1
774,1
775,1
776,0
777,0
778,0
779,0
780,0
781,0
782,0
783,0
784,0
785,0
786,1
787,1
788,1
789,1
790,0
791,1
792,0
793,0
794,0
795,0
796,1
797,0
798,0
799,0
800,0
801,1
802,0
803,0
804,1
805,1
806,0
807,1
808,0
809,0
810,0
811,0
812,0
813,0
814,0
815,1
816,0
817,0
818,1
819,0
820,0
821,0
822,1
823,0
824,1
825,1
826,0
827,0
828,0
829,0
830,1
831,0
832,1
833,0
834,0
835,1
836,1
837,1
838,1
839,0
840,0
841,1
842,0
843,0
844,0
845,1
846,0
847,1
848,0
849,0
850,0
851,0
852,0
853,0
854,0
855,0
856,0
857,0
858,1
859,1
860,1
861,0
862,0
863,0
864,0
865,0
866,1
867,0
868,0
869,1
870,0
871,1
872,1
873,1
874,0
875,0
876,1
877,0
878,1
879,0
880,0
881,0
882,0
883,0
884,0
885,0
886,0
887,0
888,0
889,0
890,0
891,0
892,0
893,0
894,1
895,1
896,0
897,0
898,1
899,0
900,0
901,1
902,0
903,0
904,1
905,0
906,0
907,1
908,0
909,0
910,1
911,0
912,0
913,0
914,1
915,0
916,0
917,0
918,0
919,0
920,1
921,0
922,0
923,0
924,0
925,0
926,0
927,0
928,0
929,0
930,0
931,0
932,1
933,0
934,0
935,0
936,0
937,0
938,0
939,1
940,0
941,0
942,0
943,0
944,0
945,0
946,1
947,1
948,0
949,0
950,0
951,0
952,1
953,0
954,1
955,1
956,1
957,0
958,0
959,1
960,0
961,0
962,0
963,0
964,1
965,0
966,0
967,1
968,0
969,0
970,0
971,0
972,0
973,1
974,0
975,0
976,0
977,0
978,0
979,0
980,0
981,1
982,0
983,0
984,0
985,0
986,0
987,0
988,1
989,0
990,0
991,0
992,0
993,0
994,0
995,0
996,0
997,1
998,0
999,0
1000,0
1001,0
1002,1
1003,0
1004,0
1005,1
1006,0
1007,0
1008,1
1009,0
1010,1
1011,0
1012,1
1013,0
1014,1
1015,0
1016,0
1017,1
1018,0
1019,0
1020,0
1021,0
1022,0
1023,0
1024,0
1025,0
1026,0
1027,0
1028,0
1029,0
1030,0
1031,1
1032,0
1033,0
1034,0
1035,0
1036,0
1037,0
1038,1
1039,1
1040,0
1041,1
1042,0
1043,0
1044,0
1045,0
1046,0
1047,1
1048,1
1049,0
1050,0
1051,0
1052,0
1053,0
1054,0
1055,0
1056,1
1057,0
1058,0
1059,1
1060,1
1061,0
1062,0
1063,0
1064,0
1065,0
1066,0
1067,0
1068,0
1069,0
1070,0
1071,0
1072,0
1073,1
1074,0
1075,0
1076,0
1077,0
1078,0
1079,0
1080,0
1081,1
1082,0
1083,1
1084,0
1085,0
1086,0
1087,1
1088,1
1089,0
1090,1
1091,1
1092,1
1093,0
1094,0
1095,0
1096,0
1097,0
1098,0
1099,0
1100,0
1101,0
1102,0
1103,1
1104,0
1105,0
1106,1
1107,0
1108,0
1109,0
1110,0
1111,1
1112,0
1113,0
1114,0
1115,0
1116,0
1117,0
1118,0
1119,0
1120,0
1121,0
1122,0
1123,0
1124,0
1125,0
1126,0
1127,0
1128,1
1129,0
1130,0
1131,0
1132,0
1133,0
1134,0
1135,0
1136,1
1137,0
1138,1
1139,0
1140,0
1141,0
1142,1
1143,0
1144,0
1145,1
1146,0
1147,1
1148,1
1149,0
1150,1
1151,0
1152,0
1153,0
1154,0
1155,0
1156,0
1157,0
1158,0
1159,0
1160,0
1161,0
1162,0
1163,0
1164,0
1165,0
1166,1
1167,0
1168,0
1169,0
1170,0
1171,1
1172,0
1173,0
1174,0
1175,1
1176,1
1177,0
1178,0
1179,0
1180,0
1181,0
1182,1
1183,0
1184,0
1185,1
1186,0
1187,0
1188,0
1189,0
1190,0
1191,1
1192,0
1193,0
1194,1
1195,0
1196,0
1197,1
1198,0
1199,0
1200,0
1201,0
1202,0
1203,0
1204,0
1205,0
1206,1
1207,0
1208,0
1209,0
1210,0
1211,0
1212,1
1213,0
1214,0
1215,0
1216,0
1217,0
1218,1
1219,0
1220,0
1221,0
1222,0
1223,0
1224,0
1225,0
1226,0
1227,0
1228,1
1229,1
1230,0
1231,0
1232,0
1233,0
1234,0
1235,0
1236,0
1237,0
1238,0
1239,0
1240,0
1241,1
1242,0
1243,0
1244,0
1245,0
1246,0
1247,0
1248,0
1249,0
1250,0
1251,0
1252,0
1253,0
1254,0
1255,0
1256,1
1257,0
1258,0
1259,0
1260,0
1261,0
1262,0
1263,0
1264,0
1265,0
1266,0
1267,0
1268,0
1269,0
1270,0
1271,0
1272,0
1273,0
1274,0
1275,0
1276,0
1277,1
1278,1
1279,0
1280,0
1281,0
1282,0
1283,0
1284,0
1285,1
1286,0
1287,1
1288,0
1289,0
1290,0
1291,0
1292,0
1293,1
1294,1
1295,1
1296,0
1297,0
1298,0
1299,0
1300,0
1301,0
1302,0
1303,0
1304,0
1305,0
1306,1
1307,0
1308,1
1309,0
1310,0
1311,1
1312,0
1313,0
1314,0
1315,0
1316,0
1317,0
1318,0
1319,0
1320,0
1321,0
1322,0
1323,0
1324,0
1325,0
1326,0
1327,1
1328,0
1329,0
1330,0
1331,0
1332,0
1333,0
1334,0
1335,0
1336,1
1337,0
1338,1
1339,0
1340,0
1341,0
1342,1
1343,1
1344,0
1345,1
1346,1
1347,1
1348,0
1349,0
1350,0
1351,1
1352,0
1353,0
1354,1
1355,0
1356,1
1357,0
1358,0
1359,0
1360,0
1361,1
1362,0
1363,0
1364,0
1365,0
1366,0
1367,0
1368,0
1369,0
1370,0
1371,0
1372,0
1373,0
1374,1
1375,0
1376,0
1377,1
1378,1
1379,0
1380,0
1381,0
1382,1
1383,0
1384,1
1385,1
1386,1
1387,1
1388,1
1389,0
1390,0
1391,0
1392,1
1393,1
1394,1
1395,1
1396,0
1397,0
1398,0
1399,0
1400,0
1401,0
1402,0
1403,1
1404,0
1405,0
1406,1
1407,0
1408,1
1409,0
1410,1
1411,0
1412,1
1413,0
1414,1
1415,0
1416,1
1417,0
1418,0
1419,0
1420,0
1421,1
1422,0
1423,0
1424,1
1425,0
1426,0
1427,1
1428,0
1429,0
1430,0
1431,0
1432,0
1433,0
1434,0
1435,1
1436,0
1437,0
1438,0
1439,1
1440,0
1441,0
1442,0
1443,0
1444,0
1445,0
1446,1
1447,0
1448,1
1449,0
1450,0
1451,1
1452,0
1453,0
1454,0
1455,0
1456,0
1457,1
1458,0
1459,1
1460,0
1461,0
1462,0
1463,1
1464,0
1465,0
1466,1
1467,0
1468,0
1469,0
1470,0
1471,1
1472,0
1473,0
1474,1
1475,0
1476,0
1477,0
1478,0
1479,0
1480,0
1481,0
1482,1
1483,0
1484,1
1485,1
1486,0
1487,0
1488,0
1489,0
1490,0
1491,1
1492,1
1493,1
1494,0
1495,0
1496,0
1497,0
1498,1
1499,0
1500,0
1501,1
1502,0
1503,1
1504,0
1505,0
1506,1
1507,0
1508,0
1509,0
1510,0
1511,0
1512,0
1513,1
1514,0
1515,0
1516,0
1517,0
1518,1
1519,0
1520,0
1521,1
1522,0
1523,0
1524,0
1525,0
1526,1
1527,0
1528,0
1529,0
1530,0
1531,0
1532,0
1533,0
1534,0
1535,0
1536,0
1537,0
1538,1
1539,0
1540,0
1541,0
1542,0
1543,1
1544,0
1545,0
1546,0
1547,0
1548,0
1549,0
1550,1
1551,1
1552,0
1553,0
1554,0
1555,0
1556,1
1557,0
1558,0
1559,1
1560,0
1561,0
1562,0
1563,0
1564,0
1565,0
1566,0
1567,0
1568,1
1569,0
1570,0
1571,1
1572,1
1573,0
1574,0
1575,1
1576,1
1577,0
1578,1
1579,0
1580,0
1581,1
1582,0
1583,0
1584,0
1585,0
1586,1
1587,0
1588,0
1589,0
1590,0
1591,0
1592,0
1593,1
1594,0
1595,0
1596,1
1597,0
1598,0
1599,0
1600,1
1601,0
1602,0
1603,0
1604,0
1605,1
1606,0
1607,0
1608,0
1609,0
1610,1
1611,0
1612,0
1613,0
1614,1
1615,0
1616,1
1617,0
1618,0
1619,0
1620,1
1621,0
1622,0
1623,0
1624,1
1625,1
1626,0
1627,0
1628,0
1629,0
1630,0
1631,0
1632,0
1633,1
1634,0
1635,1
1636,0
1637,0
1638,0
1639,0
1640,1
1641,0
1642,1
1643,0
1644,0
1645,0
1646,0
1647,1
1648,1
1649,1
1650,0
1651,0
1652,0
1653,0
1654,0
1655,0
1656,0
1657,0
1658,0
1659,0
1660,0
1661,0
1662,0
1663,0
1664,0
1665,0
1666,1
1667,0
1668,0
1669,0
1670,0
1671,1
1672,0
1673,1
1674,0
1675,0
1676,0
1677,0
1678,1
1679,1
1680,0
1681,0
1682,0
1683,0
1684,0
1685,1
1686,0
1687,0
1688,0
1689,1
1690,1
1691,0
1692,0
1693,1
1694,0
1695,0
1696,1
1697,0
1698,0
1699,0
1700,0
1701,0
1702,0
1703,0
1704,0
1705,0
1706,0
1707,0
1708,0
1709,0
1710,1
1711,0
1712,0
1713,0
1714,1
1715,1
1716,1
1717,0
1718,1
1719,1
1720,0
1721,0
1722,0
1723,1
1724,0
1725,0
1726,0
1727,0
1728,0
1729,1
1730,0
1731,0
1732,0
1733,1
1734,1
1735,0
1736,0
1737,1
1738,1
1739,0
1740,0
1741,0
1742,0
1743,0
1744,0
1745,1
1746,0
1747,0
1748,0
1749,0
1750,0
1751,0
1752,1
1753,0
1754,1
1755,1
1756,1
1757,0
1758,0
1759,0
1760,0
1761,1
1762,0
1763,1
1764,1
1765,0
1766,1
1767,0
1768,0
1769,0
1770,1
1771,0
1772,0
1773,0
1774,0
1775,0
1776,1
1777,0
1778,0
1779,1
1780,1
1781,1
1782,0
1783,0
1784,0
1785,0
1786,0
1787,1
1788,0
1789,0
1790,0
1791,0
1792,0
1793,0
1794,0
1795,0
1796,0
1797,0
1798,0
1799,0
1800,0
1801,0
1802,0
1803,0
1804,1
1805,0
1806,1
1807,0
1808,0
1809,0
1810,1
1811,1
1812,0
1813,0
1814,0
1815,0
1816,0
1817,1
1818,0
1819,0
1820,1
1821,0
1822,0
1823,1
1824,0
1825,1
1826,0
1827,1
1828,1
1829,0
1830,0
1831,0
1832,0
1833,1
1834,1
1835,0
1836,0
1837,1
1838,0
1839,0
1840,1
1841,0
1842,1
1843,1
1844,0
1845,0
1846,0
1847,0
1848,1
1849,0
1850,1
1851,0
1852,0
1853,0
1854,1
1855,0
1856,0
1857,0
1858,0
1859,0
1860,0
1861,0
1862,0
1863,0
1864,0
1865,0
1866,0
1867,0
1868,0
1869,1
1870,0
1871,0
1872,0
1873,0
1874,1
1875,0
1876,1
1877,1
1878,0
1879,0
1880,1
1881,0
1882,0
1883,1
1884,0
1885,0
1886,1
1887,1
1888,0
1889,0
1890,0
1891,1
1892,0
1893,0
1894,1
1895,0
1896,0
1897,1
1898,0
1899,0
1900,0
1901,0
1902,0
1903,0
1904,1
1905,0
1906,0
1907,0
1908,1
1909,0
1910,0
1911,1
1912,0
1913,1
1914,0
1915,0
1916,0
1917,0
1918,1
1919,0
1920,0
1921,0
1922,0
1923,1
1924,0
1925,0
1926,0
1927,0
1928,0
1929,0
1930,0
1931,0
1932,0
1933,0
1934,0
1935,0
1936,0
1937,0
1938,0
1939,0
1940,1
1941,1
1942,0
1943,0
1944,1
1945,0
1946,0
1947,0
1948,0
1949,0
1950,0
1951,0
1952,0
1953,0
1954,0
1955,0
1956,1
1957,1
1958,0
1959,0
1960,1
1961,1
1962,1
1963,0
1964,1
1965,0
1966,1
1967,0
1968,0
1969,0
1970,1
1971,0
1972,0
1973,0
1974,0
1975,0
1976,0
1977,0
1978,1
1979,0
1980,0
1981,0
1982,0
1983,0
1984,0
1985,0
1986,1
1987,1
1988,1
1989,0
1990,0
1991,0
1992,1
1993,0
1994,0
1995,0
1996,0
1997,0
1998,1
1999,0
2000,1
2001,0
2002,0
2003,0
2004,0
2005,0
2006,0
2007,0
2008,0
2009,1
2010,0
2011,0
2012,0
2013,0
2014,1
2015,0
2016,1
2017,0
2018,0
2019,1
2020,1
2021,1
2022,0
2023,0
2024,0
2025,0
2026,1
2027,1
2028,0
2029,0
2030,0
2031,0
2032,0
2033,0
2034,0
2035,0
2036,0
2037,0
2038,0
2039,0
2040,1
2041,1
2042,0
2043,0
2044,0
2045,0
2046,1
2047,1
2048,0
2049,0
2050,0
2051,1
2052,0
2053,1
2054,1
2055,0
2056,0
2057,0
2058,0
2059,0
2060,0
2061,0
2062,0
2063,1
2064,0
2065,0
2066,0
2067,0
2068,1
2069,0
2070,0
2071,0
2072,0
2073,0
2074,1
2075,0
2076,1
2077,0
2078,0
2079,0
2080,0
2081,0
2082,0
2083,1
2084,0
2085,0
2086,0
2087,0
2088,1
2089,0
2090,0
2091,0
2092,0
2093,0
2094,0
2095,0
2096,1
2097,0
2098,1
2099,0
2100,0
2101,1
2102,0
2103,0
2104,0
2105,0
2106,1
2107,0
2108,0
2109,0
2110,1
2111,1
2112,0
2113,0
2114,1
2115,0
2116,1
2117,0
2118,0
2119,0
2120,0
2121,0
2122,0
2123,1
2124,1
2125,1
2126,0
2127,0
2128,0
2129,0
2130,0
2131,0
2132,0
2133,0
2134,0
2135,0
2136,0
2137,0
2138,0
2139,0
2140,1
2141,0
2142,0
2143,0
2144,0
2145,0
2146,1
2147,0
2148,0
2149,1
2150,0
2151,0
2152,0
2153,0
2154,0
2155,0
2156,0
2157,0
2158,0
2159,0
2160,0
2161,0
2162,1
2163,0
2164,0
2165,0
2166,0
2167,1
2168,0
2169,1
2170,0
2171,1
2172,0
2173,0
2174,0
2175,0
2176,0
2177,0
2178,0
2179,1
2180,0
2181,0
2182,1
2183,0
2184,0
2185,0
2186,0
2187,0
2188,1
2189,0
2190,0
2191,1
2192,0
2193,1
2194,0
2195,0
2196,0
2197,0
2198,0
2199,0
2200,1
2201,0
2202,0
2203,0
2204,0
2205,1
2206,0
2207,0
2208,0
2209,1
2210,0
2211,0
2212,0
2213,1
2214,1
2215,0
2216,0
2217,0
2218,0
2219,0
2220,1
2221,0
2222,0
2223,1
2224,0
2225,1
2226,1
2227,0
2228,0
2229,0
2230,0
2231,0
2232,1
2233,0
2234,1
2235,0
2236,0
2237,1
2238,0
2239,1
2240,1
2241,0
2242,0
2243,0
2244,0
2245,1
2246,1
2247,0
2248,0
2249,0
2250,1
2251,0
2252,1
2253,0
2254,0
2255,0
2256,0
2257,0
2258,0
2259,1
2260,0
2261,0
2262,0
2263,0
2264,0
2265,1
2266,0
2267,0
2268,0
2269,1
2270,0
2271,0
2272,1
2273,0
2274,1
2275,0
2276,1
2277,1
2278,0
2279,0
2280,1
2281,0
2282,1
2283,0
2284,0
2285,1
2286,0
2287,0
2288,0
2289,0
2290,0
2291,1
2292,1
2293,0
2294,0
2295,0
2296,0
2297,0
2298,0
2299,1
2300,0
2301,0
2302,0
2303,0
2304,0
2305,0
2306,0
2307,0
2308,0
2309,0
2310,0
2311,1
2312,0
2313,0
2314,0
2315,0
2316,1
2317,0
2318,0
2319,0
2320,0
2321,1
2322,1
2323,1
2324,1
2325,1
2326,0
2327,0
2328,0
2329,0
2330,0
2331,0
2332,0
2333,1
2334,0
2335,1
2336,0
2337,1
2338,0
2339,1
2340,0
2341,1
2342,0
2343,0
2344,0
2345,1
2346,0
2347,0
2348,1
2349,0
2350,0
2351,0
2352,0
2353,0
2354,1
2355,0
2356,0
2357,0
2358,0
2359,1
2360,0
2361,0
2362,0
2363,0
2364,0
2365,1
2366,0
2367,0
2368,0
2369,0
2370,1
2371,0
2372,1
2373,0
2374,0
2375,0
2376,0
2377,0
2378,0
2379,0
2380,1
2381,0
2382,0
2383,1
2384,0
2385,1
2386,0
2387,0
2388,0
2389,0
2390,1
2391,1
2392,1
2393,0
2394,0
2395,0
2396,0
2397,0
2398,0
2399,0
2400,0
2401,1
2402,0
2403,0
2404,0
2405,0
2406,1
2407,0
2408,0
2409,0
2410,0
2411,0
2412,0
2413,0
2414,1
2415,0
2416,1
2417,0
2418,0
2419,0
2420,0
2421,0
2422,0
2423,0
2424,0
2425,0
2426,0
2427,0
2428,1
2429,0
2430,1
2431,0
2432,1
2433,0
2434,0
2435,0
2436,0
2437,0
2438,1
2439,0
2440,0
2441,0
2442,0
2443,0
2444,0
2445,0
2446,0
2447,1
2448,0
2449,0
2450,0
2451,1
2452,0
2453,0
2454,0
2455,0
2456,0
2457,0
2458,1
2459,0
2460,1
2461,0
2462,0
2463,1
2464,0
2465,0
2466,0
2467,0
2468,0
2469,0
2470,0
2471,0
2472,0
2473,0
2474,0
2475,0
2476,0
2477,0
2478,0
2479,0
2480,0
2481,0
2482,0
2483,1
2484,0
2485,0
2486,0
2487,0
2488,0
2489,1
2490,0
2491,0
2492,0
2493,0
2494,0
2495,1
2496,0
2497,1
2498,0
2499,0
2500,1
2501,0
2502,0
2503,0
2504,0
2505,0
2506,0
2507,0
2508,1
2509,0
2510,0
2511,0
2512,1
2513,0
2514,0
2515,0
2516,0
2517,0
2518,1
2519,1
2520,1
2521,0
2522,0
2523,0
2524,0
2525,1
2526,1
2527,1
2528,0
2529,0
2530,0
2531,1
2532,0
2533,1
2534,0
2535,0
2536,0
2537,1
2538,1
2539,1
2540,0
2541,0
2542,0
2543,0
2544,0
2545,1
2546,0
2547,1
2548,0
2549,1
2550,0
2551,0
2552,0
2553,0
2554,0
2555,1
2556,0
2557,0
2558,1
2559,0
2560,0
2561,1
2562,0
2563,0
2564,1
2565,0
2566,1
2567,0
2568,0
2569,1
2570,0
2571,1
2572,0
2573,0
2574,1
2575,1
2576,0
2577,0
2578,1
2579,0
2580,0
2581,0
2582,0
2583,1
2584,1
2585,0
2586,1
2587,0
2588,0
2589,0
2590,0
2591,0
2592,1
2593,1
2594,0
2595,1
2596,0
2597,0
2598,0
2599,1
2600,0
2601,0
2602,0
2603,0
2604,0
2605,0
2606,0
2607,0
2608,0
2609,0
2610,1
2611,0
2612,0
2613,1
2614,0
2615,1
2616,0
2617,0
2618,0
2619,1
2620,0
2621,1
2622,1
2623,0
2624,0
2625,1
2626,1
2627,1
2628,0
2629,0
2630,0
2631,1
2632,1
2633,1
2634,0
2635,0
2636,1
2637,0
2638,0
2639,0
2640,0
2641,1
2642,1
2643,1
2644,0
2645,0
2646,1
2647,0
2648,0
2649,1
2650,0
2651,1
2652,0
2653,1
2654,1
2655,0
2656,1
2657,0
2658,0
2659,0
2660,0
2661,0
2662,0
2663,0
2664,0
2665,0
2666,0
2667,0
2668,0
2669,1
2670,0
2671,0
2672,0
2673,0
2674,1
2675,0
2676,0
2677,0
2678,0
2679,0
2680,0
2681,0
2682,0
2683,1
2684,1
2685,1
2686,0
2687,0
2688,0
2689,0
2690,0
2691,0
2692,1
2693,0
2694,0
2695,0
2696,0
2697,0
2698,0
2699,0
2700,1
2701,0
2702,0
2703,1
2704,0
2705,0
2706,1
2707,0
2708,0
2709,0
2710,0
2711,0
2712,0
2713,0
2714,1
2715,1
2716,0
2717,0
2718,1
2719,0
2720,0
2721,0
2722,0
2723,0
2724,0
2725,0
2726,0
2727,1
2728,0
2729,1
2730,0
2731,1
2732,0
2733,1
2734,1
2735,1
2736,0
2737,0
2738,0
2739,0
2740,0
2741,0
2742,0
2743,0
2744,1
2745,0
2746,1
2747,0
2748,0
2749,1
2750,1
2751,0
2752,0
2753,0
2754,0
2755,0
2756,0
2757,0
2758,0
2759,1
2760,0
2761,0
2762,1
2763,0
2764,0
2765,0
2766,0
2767,0
2768,0
2769,0
2770,0
2771,0
2772,0
2773,0
2774,0
2775,0
2776,0
2777,1
2778,1
2779,0
2780,0
2781,0
2782,0
2783,0
2784,1
2785,0
2786,0
2787,0
2788,0
2789,1
2790,0
2791,0
2792,0
2793,0
2794,1
2795,0
2796,0
2797,0
2798,0
2799,1
2800,0
2801,0
2802,0
2803,1
2804,1
2805,0
2806,0
2807,0
2808,1
2809,0
2810,0
2811,0
2812,0
2813,1
2814,0
2815,0
2816,0
2817,0
2818,0
2819,1
2820,1
2821,0
2822,0
2823,0
2824,1
2825,1
2826,1
2827,0
2828,0
2829,0
2830,0
2831,0
2832,1
2833,0
2834,1
2835,0
2836,0
2837,0
2838,1
2839,0
2840,0
2841,0
2842,0
2843,0
2844,0
2845,0
2846,1
2847,1
2848,1
2849,0
2850,0
2851,0
2852,0
2853,1
2854,0
2855,0
2856,0
2857,1
2858,0
2859,1
2860,0
2861,0
2862,0
2863,1
2864,1
2865,0
2866,1
2867,0
2868,0
2869,1
2870,0
2871,0
2872,0
2873,0
2874,0
2875,0
2876,0
2877,1
2878,0
2879,0
2880,1
2881,1
2882,0
2883,1
2884,0
2885,1
2886,0
2887,0
2888,0
2889,0
2890,0
2891,0
2892,0
2893,1
2894,0
2895,0
2896,0
2897,1
2898,0
2899,1
2900,0
2901,0
2902,0
2903,0
2904,1
2905,0
2906,1
2907,0
2908,0
2909,0
2910,0
2911,1
2912,0
2913,0
2914,0
2915,0
2916,1
2917,0
2918,0
2919,0
2920,0
2921,0
2922,1
2923,0
2924,1
2925,0
2926,0
2927,0
2928,0
2929,0
2930,1
2931,0
2932,0
2933,0
2934,0
2935,0
2936,0
2937,1
2938,0
2939,0
2940,0
2941,0
2942,0
2943,0
2944,1
2945,0
2946,1
2947,1
2948,1
2949,0
2950,0
2951,1
2952,0
2953,0
2954,0
2955,0
2956,0
2957,1
2958,0
2959,0
2960,0
2961,1
2962,1
2963,0
2964,0
2965,0
2966,0
2967,0
2968,0
2969,0
2970,0
2971,1
2972,0
2973,0
2974,1
2975,0
2976,0
2977,0
2978,0
2979,0
2980,0
2981,0
2982,0
2983,0
2984,0
2985,0
2986,0
2987,0
2988,0
2989,0
2990,0
2991,0
2992,1
2993,1
2994,0
2995,0
2996,0
2997,0
2998,1
2999,1
3000,0
3001,0
3002,0
3003,0
3004,0
3005,0
3006,0
3007,0
3008,0
3009,0
3010,1
3011,0
3012,0
3013,0
3014,0
3015,0
3016,0
3017,0
3018,0
3019,0
3020,1
3021,0
3022,0
3023,0
3024,1
3025,0
3026,0
3027,0
3028,0
3029,0
3030,0
3031,0
3032,0
3033,1
3034,0
3035,0
3036,0
3037,0
3038,0
3039,0
3040,0
3041,0
3042,0
3043,0
3044,1
3045,0
3046,0
3047,0
3048,0
3049,0
3050,1
3051,0
3052,0
3053,0
3054,0
3055,0
3056,0
3057,0
3058,1
3059,0
3060,1
3061,1
3062,0
3063,0
3064,0
3065,1
3066,0
3067,0
3068,0
3069,0
3070,0
3071,0
3072,0
3073,0
3074,0
3075,1
3076,0
3077,0
3078,0
3079,0
3080,0
3081,0
3082,0
3083,0
3084,1
3085,0
3086,1
3087,0
3088,0
3089,0
3090,0
3091,0
3092,0
3093,0
3094,0
3095,0
3096,0
3097,0
3098,0
3099,0
3100,0
3101,0
3102,0
3103,0
3104,1
3105,1
3106,1
3107,1
3108,1
3109,1
3110,0
3111,0
3112,0
3113,0
3114,0
3115,0
3116,0
3117,0
3118,0
3119,0
3120,0
3121,0
3122,1
3123,0
3124,0
3125,0
3126,0
3127,0
3128,0
3129,1
3130,1
3131,0
3132,0
3133,0
3134,1
3135,0
3136,0
3137,0
3138,1
3139,0
3140,0
3141,0
3142,0
3143,0
3144,0
3145,0
3146,0
3147,1
3148,0
3149,1
3150,0
3151,0
3152,0
3153,0
3154,0
3155,0
3156,0
3157,0
3158,1
3159,0
3160,0
3161,0
3162,0
3163,0
3164,0
3165,0
3166,0
3167,1
3168,0
3169,0
3170,0
3171,0
3172,0
3173,0
3174,0
3175,0
3176,0
3177,0
3178,0
3179,0
3180,0
3181,0
3182,0
3183,0
3184,0
3185,1
3186,0
3187,1
3188,0
3189,0
3190,0
3191,0
3192,0
3193,1
3194,0
3195,0
3196,0
3197,1
3198,0
3199,0
3200,0
3201,0
3202,0
3203,0
3204,0
3205,0
3206,1
3207,0
3208,0
3209,0
3210,1
3211,1
3212,0
3213,0
3214,0
3215,0
3216,1
3217,0
3218,0
3219,1
3220,0
3221,0
3222,0
3223,0
3224,0
3225,0
3226,0
3227,1
3228,0
3229,0
3230,0
3231,1
3232,1
3233,1
3234,0
3235,0
3236,0
3237,0
3238,0
3239,0
3240,1
3241,0
3242,0
3243,0
3244,1
3245,0
3246,0
3247,0
3248,0
3249,0
3250,0
3251,1
3252,0
3253,1
3254,1
3255,1
3256,0
3257,0
3258,0
3259,0
3260,0
3261,0
3262,1
3263,0
3264,0
3265,1
3266,0
3267,0
3268,1
3269,0
3270,0
3271,0
3272,0
3273,1
3274,0
3275,0
3276,0
3277,0
3278,1
3279,0
3280,0
3281,1
3282,1
3283,0
3284,1
3285,0
3286,1
3287,0
3288,0
3289,0
3290,0
3291,1
3292,0
3293,1
3294,1
3295,1
3296,0
3297,0
3298,0
3299,1
3300,0
3301,1
3302,0
3303,0
3304,1
3305,0
3306,1
3307,0
3308,0
3309,1
3310,0
3311,0
3312,0
3313,0
3314,0
3315,0
3316,1
3317,0
3318,0
3319,1
3320,0
3321,0
3322,0
3323,0
3324,1
3325,1
3326,0
3327,0
3328,0
3329,0
3330,0
3331,1
3332,0
3333,0
3334,1
3335,0
3336,0
3337,0
3338,0
3339,0
3340,0
3341,0
3342,0
3343,0
3344,1
3345,0
3346,1
3347,1
3348,0
3349,0
3350,1
3351,0
3352,1
3353,0
3354,0
3355,0
3356,1
3357,0
3358,1
3359,0
3360,0
3361,0
3362,0
3363,1
3364,0
3365,0
3366,0
3367,0
3368,0
3369,0
3370,1
3371,0
3372,0
3373,0
3374,0
3375,0
3376,0
3377,0
3378,0
3379,0
3380,0
3381,1
3382,0
3383,0
3384,0
3385,0
3386,0
3387,0
3388,0
3389,0
3390,0
3391,0
3392,0
3393,0
3394,0
3395,0
3396,0
3397,0
3398,0
3399,0
3400,1
3401,0
3402,0
3403,0
3404,0
3405,0
3406,1
3407,0
3408,0
3409,0
3410,0
3411,0
3412,1
3413,0
3414,0
3415,1
3416,0
3417,1
3418,0
3419,1
3420,1
3421,0
3422,0
3423,1
3424,0
3425,0
3426,1
3427,0
3428,0
3429,0
3430,0
3431,0
3432,1
3433,0
3434,0
3435,1
3436,1
3437,0
3438,0
3439,0
3440,0
3441,1
3442,0
3443,1
3444,0
3445,1
3446,0
3447,1
3448,0
3449,1
3450,1
3451,0
3452,0
3453,0
3454,1
3455,1
3456,0
3457,0
3458,1
3459,0
3460,0
3461,0
3462,1
3463,0
3464,0
3465,0
3466,0
3467,1
3468,1
3469,1
3470,0
3471,0
3472,0
3473,0
3474,0
3475,0
3476,1
3477,0
3478,0
3479,0
3480,0
3481,0
3482,1
3483,0
3484,1
3485,0
3486,0
3487,0
3488,1
3489,0
3490,1
3491,1
3492,0
3493,0
3494,0
3495,0
3496,0
3497,0
3498,0
3499,1
3500,0
3501,0
3502,0
3503,0
3504,0
3505,0
3506,0
3507,0
3508,0
3509,0
3510,0
3511,0
3512,1
3513,0
3514,0
3515,1
3516,0
3517,0
3518,0
3519,1
3520,0
3521,0
3522,0
3523,0
3524,0
3525,0
3526,1
3527,0
3528,0
3529,1
3530,0
3531,0
3532,0
3533,1
3534,0
3535,1
3536,0
3537,0
3538,0
3539,0
3540,1
3541,1
3542,0
3543,1
3544,0
3545,0
3546,0
3547,0
3548,0
3549,0
3550,1
3551,0
3552,0
3553,0
3554,0
3555,0
3556,0
3557,0
3558,1
3559,0
3560,1
3561,0
3562,1
3563,0
3564,0
3565,1
3566,0
3567,1
3568,0
3569,0
3570,0
3571,0
3572,1
3573,0
3574,0
3575,0
3576,0
3577,0
3578,1
3579,0
3580,0
3581,0
3582,1
3583,0
3584,0
3585,1
3586,1
3587,0
3588,0
3589,0
3590,0
3591,0
3592,1
3593,0
3594,0
3595,0
3596,0
3597,0
3598,0
3599,0
3600,0
3601,1
3602,0
3603,0
3604,0
3605,0
3606,0
3607,0
3608,0
3609,0
3610,0
3611,0
3612,1
3613,1
3614,1
3615,0
3616,0
3617,0
3618,0
3619,0
3620,0
3621,0
3622,0
3623,0
3624,1
3625,0
3626,0
3627,0
3628,0
3629,1
3630,0
3631,0
3632,0
3633,1
3634,1
3635,0
3636,0
3637,1
3638,1
3639,0
3640,0
3641,0
3642,0
3643,0
3644,0
3645,0
3646,0
3647,0
3648,0
3649,1
3650,0
3651,0
3652,0
3653,0
3654,0
3655,0
3656,0
3657,1
3658,1
3659,0
3660,0
3661,0
3662,0
3663,1
3664,0
3665,0
3666,0
3667,0
3668,0
3669,1
3670,0
3671,1
3672,0
3673,0
3674,1
3675,0
3676,1
3677,1
3678,0
3679,0
3680,0
3681,0
3682,0
3683,1
3684,0
3685,0
3686,0
3687,0
3688,0
3689,0
3690,0
3691,0
3692,0
3693,0
3694,0
3695,0
3696,0
3697,0
3698,0
3699,0
3700,0
3701,0
3702,1
3703,0
3704,0
3705,0
3706,0
3707,0
3708,0
3709,0
3710,0
3711,0
3712,1
3713,1
3714,0
3715,0
3716,1
3717,1
3718,0
3719,1
3720,0
3721,0
3722,1
3723,0
3724,0
3725,0
3726,1
3727,1
3728,0
3729,0
3730,0
3731,0
3732,1
3733,0
3734,0
3735,0
3736,0
3737,1
3738,0
3739,0
3740,0
3741,0
3742,0
3743,0
3744,0
3745,0
3746,0
3747,0
3748,0
3749,0
3750,0
3751,0
3752,1
3753,0
3754,0
3755,1
3756,1
3757,0
3758,0
3759,0
3760,0
3761,0
3762,0
3763,0
3764,0
3765,0
3766,0
3767,0
3768,0
3769,0
3770,0
3771,0
3772,1
3773,1
3774,0
3775,1
3776,0
3777,0
3778,0
3779,1
3780,1
3781,1
3782,0
3783,0
3784,0
3785,1
3786,1
3787,0
3788,0
3789,0
3790,0
3791,0
3792,0
3793,0
3794,0
3795,0
3796,0
3797,0
3798,1
3799,0
3800,0
3801,0
3802,0
3803,1
3804,0
3805,0
3806,0
3807,1
3808,0
3809,0
3810,0
3811,1
3812,0
3813,0
3814,1
3815,0
3816,0
3817,1
3818,0
3819,0
3820,0
3821,1
3822,0
3823,0
3824,0
3825,0
3826,0
3827,0
3828,0
3829,0
3830,0
3831,0
3832,0
3833,1
3834,0
3835,0
3836,0
3837,1
3838,0
3839,1
3840,0
3841,0
3842,0
3843,0
3844,0
3845,0
3846,0
3847,1
3848,0
3849,0
3850,0
3851,0
3852,0
3853,1
3854,0
3855,0
3856,0
3857,0
3858,0
3859,0
3860,0
3861,0
3862,0
3863,0
3864,0
3865,0
3866,0
3867,0
3868,1
3869,1
3870,0
3871,1
3872,1
3873,0
3874,0
3875,0
3876,0
3877,0
3878,0
3879,0
3880,1
3881,1
3882,0
3883,0
3884,1
3885,0
3886,1
3887,0
3888,0
3889,1
3890,0
3891,0
3892,0
3893,0
3894,0
3895,1
3896,0
3897,0
3898,0
3899,1
3900,1
3901,0
3902,0
3903,0
3904,1
3905,0
3906,0
3907,0
3908,0
3909,1
3910,0
3911,1
3912,1
3913,1
3914,0
3915,1
3916,0
3917,0
3918,0
3919,0
3920,0
3921,0
3922,0
3923,0
3924,0
3925,0
3926,0
3927,0
3928,0
3929,0
3930,0
3931,1
3932,1
3933,0
3934,0
3935,0
3936,0
3937,0
3938,1
3939,0
3940,0
3941,1
3942,0
3943,0
3944,0
3945,0
3946,1
3947,0
3948,0
3949,1
3950,0
3951,0
3952,0
3953,1
3954,0
3955,0
3956,0
3957,0
3958,1
3959,0
3960,0
3961,0
3962,0
3963,0
3964,0
3965,0
3966,1
3967,0
3968,1
3969,0
3970,0
3971,1
3972,0
3973,0
3974,1
3975,0
3976,0
3977,0
3978,1
3979,0
3980,1
3981,0
3982,0
3983,0
3984,1
3985,0
3986,0
3987,0
3988,0
3989,0
3990,1
3991,0
3992,1
3993,0
3994,1
3995,0
3996,0
3997,1
3998,0
3999,0
4000,0
4001,0
4002,0
4003,0
4004,0
4005,0
4006,0
4007,0
4008,0
4009,0
4010,0
4011,1
4012,0
4013,0
4014,0
4015,0
4016,0
4017,0
4018,0
4019,0
4020,0
4021,1
4022,1
4023,1
4024,0
4025,0
4026,0
4027,0
4028,0
4029,1
4030,1
4031,0
4032,0
4033,0
4034,0
4035,0
4036,0
4037,1
4038,0
4039,0
4040,0
4041,0
4042,0
4043,0
4044,1
4045,0
4046,1
4047,0
4048,1
4049,0
4050,0
4051,0
4052,1
4053,0
4054,0
4055,0
4056,0
4057,0
4058,1
4059,0
4060,0
4061,0
4062,0
4063,0
4064,0
4065,0
4066,0
4067,0
4068,0
4069,0
4070,0
4071,1
4072,0
4073,0
4074,1
4075,1
4076,0
4077,0
4078,0
4079,1
4080,1
4081,0
4082,1
4083,1
4084,0
4085,0
4086,0
4087,1
4088,0
4089,0
4090,0
4091,0
4092,0
4093,0
4094,0
4095,0
4096,0
4097,1
4098,0
4099,0
4100,0
4101,0
4102,0
4103,0
4104,0
4105,0
4106,0
4107,0
4108,1
4109,0
4110,0
4111,1
4112,0
4113,1
4114,0
4115,0
4116,0
4117,0
4118,1
4119,0
4120,0
4121,0
4122,0
4123,0
4124,0
4125,0
4126,0
4127,0
4128,0
4129,0
4130,0
4131,0
4132,0
4133,0
4134,1
4135,1
4136,0
4137,1
4138,0
4139,1
4140,0
4141,0
4142,0
4143,0
4144,0
4145,0
4146,0
4147,0
4148,0
4149,0
4150,0
4151,0
4152,0
4153,0
4154,0
4155,1
4156,0
4157,1
4158,0
4159,0
4160,1
4161,0
4162,1
4163,0
4164,0
4165,0
4166,0
4167,1
4168,0
4169,0
4170,0
4171,0
4172,1
4173,0
4174,0
4175,0
4176,0
4177,0
4178,0
4179,0
4180,0
4181,0
4182,1
4183,1
4184,1
4185,0
4186,0
4187,0
4188,0
4189,1
4190,0
4191,1
4192,0
4193,0
4194,0
4195,0
4196,1
4197,1
4198,0
4199,0
4200,1
4201,0
4202,0
4203,0
4204,0
4205,0
4206,0
4207,1
4208,1
4209,0
4210,0
4211,0
4212,1
4213,0
4214,0
4215,0
4216,0
4217,0
4218,1
4219,0
4220,0
4221,1
4222,0
4223,0
4224,0
4225,0
4226,0
4227,0
4228,0
4229,1
4230,1
4231,0
4232,0
4233,0
4234,0
4235,0
4236,0
4237,1
4238,0
4239,1
4240,0
4241,0
4242,0
4243,0
4244,0
4245,0
4246,1
4247,1
4248,0
4249,0
4250,0
4251,0
4252,1
4253,0
4254,1
4255,0
4256,0
4257,1
4258,0
4259,0
4260,1
4261,0
4262,0
4263,0
4264,0
4265,0
4266,0
4267,0
4268,0
4269,0
4270,1
4271,1
4272,0
4273,0
4274,1
4275,0
4276,0
4277,0
4278,0
4279,0
4280,1
4281,1
4282,0
4283,0
4284,0
4285,0
4286,0
4287,0
4288,0
4289,0
4290,1
4291,0
4292,0
4293,0
4294,0
4295,0
4296,1
4297,0
4298,0
4299,0
4300,0
4301,0
4302,0
4303,0
4304,1
4305,1
4306,0
4307,1
4308,0
4309,0
4310,0
4311,0
4312,0
4313,0
4314,0
4315,0
4316,0
4317,1
4318,0
4319,0
4320,0
4321,0
4322,0
4323,0
4324,0
4325,0
4326,0
4327,1
4328,0
4329,0
4330,0
4331,1
4332,0
4333,1
4334,0
4335,0
4336,1
4337,1
4338,1
4339,0
4340,1
4341,1
4342,0
4343,1
4344,0
4345,0
4346,0
4347,0
4348,1
4349,0
4350,0
4351,1
4352,1
4353,0
4354,0
4355,1
4356,0
4357,0
4358,1
4359,0
4360,1
4361,0
4362,0
4363,0
4364,1
4365,1
4366,1
4367,0
4368,0
4369,1
4370,0
4371,0
4372,0
4373,0
4374,0
4375,1
4376,0
4377,0
4378,0
4379,1
4380,1
4381,1
4382,0
4383,0
4384,0
4385,0
4386,0
4387,0
4388,0
4389,0
4390,0
4391,0
4392,1
4393,0
4394,0
4395,0
4396,0
4397,0
4398,0
4399,0
4400,0
4401,0
4402,1
4403,0
4404,0
4405,0
4406,0
4407,1
4408,0
4409,0
4410,0
4411,0
4412,0
4413,0
4414,0
4415,0
4416,0
4417,0
4418,0
4419,0
4420,0
4421,0
4422,0
4423,1
4424,1
4425,0
4426,1
4427,0
4428,1
4429,1
4430,0
4431,0
4432,1
4433,0
4434,0
4435,0
4436,1
4437,0
4438,1
4439,0
4440,1
4441,0
4442,0
4443,1
4444,0
4445,0
4446,1
4447,0
4448,0
4449,0
4450,0
4451,0
4452,0
4453,0
4454,0
4455,0
4456,0
4457,0
4458,0
4459,1
4460,0
4461,1
4462,0
4463,0
4464,0
4465,0
4466,1
4467,1
4468,0
4469,1
4470,0
4471,0
4472,1
4473,0
4474,0
4475,1
4476,0
4477,0
4478,0
4479,0
4480,1
4481,0
4482,0
4483,0
4484,1
4485,0
4486,0
4487,0
4488,1
4489,1
4490,0
4491,0
4492,0
4493,0
4494,0
4495,0
4496,0
4497,1
4498,0
4499,0
4500,0
4501,0
4502,0
4503,1
4504,0
4505,0
4506,0
4507,0
4508,0
4509,0
4510,0
4511,1
4512,0
4513,0
4514,0
4515,1
4516,0
4517,0
4518,0
4519,0
4520,1
4521,0
4522,1
4523,1
4524,0
4525,0
4526,0
4527,0
4528,0
4529,0
4530,0
4531,0
4532,1
4533,1
4534,0
4535,1
4536,1
4537,0
4538,0
4539,1
4540,0
4541,0
4542,0
4543,1
4544,0
4545,0
4546,0
4547,0
4548,1
4549,0
4550,1
4551,0
4552,0
4553,1
4554,0
4555,0
4556,0
4557,0
4558,0
4559,0
4560,0
4561,0
4562,0
4563,1
4564,0
4565,0
4566,0
4567,0
4568,0
4569,1
4570,0
4571,0
4572,0
4573,0
4574,0
4575,1
4576,0
4577,1
4578,1
4579,0
4580,0
4581,0
4582,0
4583,1
4584,0
4585,0
4586,0
4587,1
4588,0
4589,0
4590,1
4591,0
4592,0
4593,1
4594,0
4595,0
4596,1
4597,0
4598,0
4599,0
4600,0
4601,1
4602,0
4603,0
4604,0
4605,1
4606,0
4607,0
4608,0
4609,0
4610,0
4611,0
4612,0
4613,1
4614,0
4615,0
4616,0
4617,0
4618,0
4619,0
4620,0
4621,0
4622,0
4623,0
4624,1
4625,0
4626,0
4627,0
4628,0
4629,0
4630,0
4631,0
4632,0
4633,0
4634,0
4635,0
4636,1
4637,1
4638,0
4639,1
4640,0
4641,0
4642,0
4643,0
4644,0
4645,0
4646,0
4647,0
4648,0
4649,0
4650,0
4651,0
4652,0
4653,0
4654,0
4655,0
4656,1
4657,0
4658,0
4659,0
4660,0
4661,1
4662,0
4663,0
4664,0
4665,0
4666,0
4667,0
4668,0
4669,1
4670,1
4671,0
4672,0
4673,1
4674,0
4675,1
4676,0
4677,0
4678,1
4679,0
4680,1
4681,0
4682,0
4683,0
4684,0
4685,1
4686,0
4687,0
4688,1
4689,1
4690,0
4691,1
4692,0
4693,0
4694,0
4695,0
4696,1
4697,0
4698,1
4699,0
4700,0
4701,0
4702,0
4703,0
4704,0
4705,0
4706,1
4707,0
4708,1
4709,0
4710,0
4711,0
4712,0
4713,1
4714,0
4715,1
4716,0
4717,0
4718,0
4719,1
4720,0
4721,0
4722,0
4723,1
4724,1
4725,0
4726,0
4727,0
4728,0
4729,0
4730,0
4731,0
4732,0
4733,1
4734,0
4735,0
4736,0
4737,0
4738,0
4739,1
4740,1
4741,0
4742,0
4743,0
4744,0
4745,0
4746,1
4747,0
4748,0
4749,0
4750,0
4751,0
4752,1
4753,0
4754,0
4755,0
4756,1
4757,1
4758,0
4759,0
4760,0
4761,0
4762,0
4763,1
4764,0
4765,0
4766,0
4767,0
4768,1
4769,0
4770,0
4771,0
4772,0
4773,0
4774,0
4775,0
4776,1
4777,0
4778,0
4779,0
4780,0
4781,0
4782,0
4783,0
4784,1
4785,1
4786,0
4787,0
4788,0
4789,0
4790,0
4791,0
4792,1
4793,0
4794,0
4795,0
4796,0
4797,0
4798,0
4799,0
4800,1
4801,0
4802,0
4803,0
4804,0
4805,0
4806,0
4807,0
4808,0
4809,0
4810,0
4811,1
4812,0
4813,0
4814,1
4815,0
4816,1
4817,1
4818,1
4819,0
4820,0
4821,0
4822,1
4823,0
4824,0
4825,1
4826,0
4827,0
4828,1
4829,1
4830,0
4831,0
4832,0
4833,0
4834,0
4835,1
4836,1
4837,0
4838,0
4839,1
4840,0
4841,0
4842,1
4843,0
4844,0
4845,1
4846,0
4847,0
4848,0
4849,0
4850,0
4851,0
4852,1
4853,0
4854,0
4855,0
4856,0
4857,1
4858,1
4859,0
4860,0
4861,1
4862,0
4863,1
4864,0
4865,0
4866,0
4867,0
4868,1
4869,0
4870,0
4871,0
4872,0
4873,0
4874,0
4875,0
4876,0
4877,0
4878,0
4879,0
4880,1
4881,0
4882,0
4883,1
4884,0
4885,0
4886,1
4887,0
4888,1
4889,0
4890,1
4891,0
4892,0
4893,0
4894,0
4895,0
4896,0
4897,0
4898,0
4899,0
4900,1
4901,0
4902,0
4903,0
4904,0
4905,1
4906,0
4907,0
4908,0
4909,0
4910,0
4911,0
4912,0
4913,0
4914,1
4915,0
4916,0
4917,0
4918,0
4919,1
4920,1
4921,0
4922,0
4923,0
4924,1
4925,0
4926,0
4927,0
4928,0
4929,1
4930,0
4931,1
4932,0
4933,0
4934,0
4935,0
4936,0
4937,0
4938,1
4939,0
4940,0
4941,0
4942,0
4943,1
4944,0
4945,0
4946,0
4947,0
4948,0
4949,0
4950,0
4951,0
4952,0
4953,0
4954,0
4955,0
4956,0
4957,0
4958,1
4959,0
4960,1
4961,0
4962,0
4963,0
4964,0
4965,1
4966,0
4967,0
4968,1
4969,0
4970,0
4971,1
4972,1
4973,0
4974,0
4975,1
4976,1
4977,0
4978,0
4979,0
4980,0
4981,1
4982,0
4983,0
4984,0
4985,1
4986,0
4987,0
4988,0
4989,0
4990,1
4991,0
4992,0
4993,0
4994,0
4995,0
4996,0
4997,0
4998,0
4999,0
5000,0
5001,0
5002,0
5003,0
5004,0
5005,0
5006,0
5007,1
5008,0
5009,0
5010,0
5011,0
5012,0
5013,0
5014,0
5015,0
5016,0
5017,0
5018,0
5019,1
5020,0
5021,0
5022,0
5023,0
5024,0
5025,0
5026,0
5027,1
5028,0
5029,1
5030,1
5031,1
5032,0
5033,0
5034,0
5035,0
5036,0
5037,0
5038,1
5039,1
5040,1
5041,0
5042,0
5043,0
5044,0
5045,1
5046,0
5047,0
5048,1
5049,1
5050,1
5051,0
5052,0
5053,1
5054,0
5055,0
5056,0
5057,1
5058,1
5059,0
5060,0
5061,0
5062,0
5063,0
5064,0
5065,0
5066,0
5067,0
5068,1
5069,0
5070,0
5071,0
5072,1
5073,0
5074,0
5075,0
5076,1
5077,0
5078,0
5079,0
5080,1
5081,0
5082,1
5083,1
5084,1
5085,0
5086,0
5087,1
5088,1
5089,0
5090,1
5091,0
5092,0
5093,0
5094,0
5095,0
5096,0
5097,0
5098,0
5099,0
5100,1
5101,0
5102,0
5103,0
5104,0
5105,0
5106,0
5107,0
5108,0
5109,0
5110,1
5111,0
5112,1
5113,0
5114,0
5115,0
5116,0
5117,0
5118,0
5119,0
5120,0
5121,0
5122,0
5123,0
5124,0
5125,0
5126,0
5127,0
5128,1
5129,0
5130,1
5131,0
5132,1
5133,0
5134,0
5135,0
5136,0
5137,0
5138,0
5139,0
5140,1
5141,1
5142,0
5143,1
5144,0
5145,1
5146,0
5147,0
5148,0
5149,0
5150,1
5151,0
5152,0
5153,0
5154,0
5155,0
5156,0
5157,0
5158,0
5159,1
5160,0
5161,0
5162,1
5163,1
5164,0
5165,0
5166,0
5167,0
5168,1
5169,1
5170,1
5171,1
5172,0
5173,0
5174,0
5175,0
5176,0
5177,1
5178,1
5179,0
5180,0
5181,0
5182,1
5183,0
5184,0
5185,0
5186,1
5187,0
5188,1
5189,1
5190,0
5191,1
5192,0
5193,0
5194,0
5195,0
5196,1
5197,0
5198,0
5199,0
5200,1
5201,0
5202,0
5203,1
5204,0
5205,0
5206,0
5207,1
5208,0
5209,0
5210,0
5211,1
5212,0
5213,0
5214,0
5215,0
5216,0
5217,1
5218,0
5219,0
5220,1
5221,0
5222,0
5223,0
5224,0
5225,0
5226,1
5227,0
5228,1
5229,0
5230,1
5231,0
5232,0
5233,0
5234,0
5235,0
5236,0
5237,0
5238,1
5239,0
5240,0
5241,0
5242,0
5243,1
5244,1
5245,0
5246,0
5247,1
5248,0
5249,0
5250,1
5251,1
5252,0
5253,1
5254,0
5255,0
5256,0
5257,0
5258,0
5259,1
5260,0
5261,0
5262,1
5263,0
5264,1
5265,0
5266,1
5267,0
5268,0
5269,0
5270,0
5271,0
5272,1
5273,0
5274,0
5275,0
5276,0
5277,0
5278,0
5279,0
5280,0
5281,0
5282,0
5283,1
5284,0
5285,0
5286,0
5287,0
5288,0
5289,0
5290,1
5291,0
5292,0
5293,1
5294,0
5295,0
5296,0
5297,1
5298,1
5299,0
5300,1
5301,0
5302,1
5303,1
5304,0
5305,0
5306,0
5307,0
5308,0
5309,0
5310,0
5311,0
5312,0
5313,0
5314,0
5315,0
5316,0
5317,0
5318,0
5319,0
5320,1
5321,0
5322,1
5323,0
5324,1
5325,0
5326,1
5327,1
5328,0
5329,0
5330,0
5331,1
5332,0
5333,1
5334,0
5335,0
5336,0
5337,0
5338,0
5339,0
5340,0
5341,0
5342,0
5343,0
5344,1
5345,0
5346,1
5347,0
5348,0
5349,0
5350,0
5351,0
5352,0
5353,0
5354,0
5355,0
5356,0
5357,0
5358,0
5359,1
5360,0
5361,0
5362,0
5363,1
5364,0
5365,0
5366,0
5367,1
5368,0
5369,0
5370,0
5371,1
5372,1
5373,1
5374,0
5375,0
5376,0
5377,0
5378,0
5379,0
5380,0
5381,0
5382,0
5383,0
5384,1
5385,0
5386,0
5387,0
5388,0
5389,0
5390,0
5391,0
5392,1
5393,1
5394,0
5395,1
5396,1
5397,1
5398,0
5399,0
5400,0
5401,0
5402,1
5403,0
5404,1
5405,1
5406,1
5407,0
5408,0
5409,0
5410,1
5411,0
5412,0
5413,0
5414,0
5415,0
5416,0
5417,0
5418,0
5419,1
5420,0
5421,0
5422,0
5423,0
5424,0
5425,0
5426,0
5427,1
5428,0
5429,1
5430,0
5431,0
5432,0
5433,1
5434,1
5435,0
5436,0
5437,1
5438,1
5439,0
5440,0
5441,1
5442,0
5443,1
5444,0
5445,0
5446,0
5447,0
5448,0
5449,0
5450,1
5451,0
5452,0
5453,1
5454,0
5455,1
5456,0
5457,0
5458,1
5459,1
5460,1
5461,0
5462,0
5463,0
5464,0
5465,0
5466,0
5467,0
5468,1
5469,0
5470,1
5471,0
5472,0
5473,1
5474,0
5475,1
5476,1
5477,0
5478,0
5479,1
5480,0
5481,0
5482,0
5483,0
5484,0
5485,0
5486,0
5487,1
5488,0
5489,1
5490,0
5491,0
5492,0
5493,1
5494,0
5495,0
5496,1
5497,1
5498,1
5499,0
5500,0
5501,0
5502,0
5503,0
5504,0
5505,0
5506,0
5507,0
5508,1
5509,0
5510,1
5511,1
5512,0
5513,0
5514,0
5515,0
5516,0
5517,0
5518,0
5519,1
5520,0
5521,0
5522,0
5523,0
5524,0
5525,0
5526,0
5527,0
5528,1
5529,0
5530,0
5531,0
5532,0
5533,1
5534,0
5535,0
5536,1
5537,0
5538,0
5539,0
5540,0
5541,1
5542,0
5543,1
5544,0
5545,1
5546,0
5547,0
5548,0
5549,0
5550,0
5551,0
5552,0
5553,0
5554,1
5555,0
5556,0
5557,0
5558,1
5559,0
5560,0
5561,0
5562,1
5563,0
5564,0
5565,1
5566,1
5567,1
5568,0
5569,0
5570,0
5571,0
5572,0
5573,0
5574,0
5575,0
5576,0
5577,0
5578,1
5579,1
5580,0
5581,1
5582,0
5583,0
5584,1
5585,0
5586,0
5587,0
5588,0
5589,0
5590,0
5591,0
5592,1
5593,0
5594,1
5595,1
5596,0
5597,1
5598,1
5599,0
5600,0
5601,0
5602,0
5603,1
5604,0
5605,0
5606,1
5607,0
5608,0
5609,0
5610,1
5611,0
5612,0
5613,0
5614,0
5615,1
5616,0
5617,0
5618,0
5619,0
5620,0
5621,0
5622,0
5623,0
5624,0
5625,0
5626,1
5627,0
5628,0
5629,1
5630,1
5631,0
5632,0
5633,0
5634,0
5635,0
5636,0
5637,0
5638,0
5639,0
5640,0
5641,0
5642,0
5643,0
5644,0
5645,0
5646,0
5647,0
5648,0
5649,0
5650,0
5651,0
5652,0
5653,0
5654,0
5655,0
5656,1
5657,0
5658,0
5659,0
5660,1
5661,0
5662,0
5663,0
5664,0
5665,1
5666,0
5667,0
5668,0
5669,0
5670,0
5671,0
5672,0
5673,0
5674,1
5675,1
5676,1
5677,0
5678,0
5679,0
5680,0
5681,0
5682,1
5683,0
5684,0
5685,0
5686,0
5687,0
5688,0
5689,0
5690,0
5691,1
5692,0
5693,0
5694,1
5695,0
5696,0
5697,0
5698,0
5699,1
5700,0
5701,0
5702,0
5703,1
5704,0
5705,0
5706,0
5707,1
5708,0
5709,0
5710,1
5711,0
5712,0
5713,0
5714,0
5715,1
5716,0
5717,0
5718,0
5719,0
5720,0
5721,0
5722,1
5723,0
5724,0
5725,0
5726,1
5727,0
5728,0
5729,0
5730,0
5731,0
5732,0
5733,0
5734,1
5735,0
5736,1
5737,0
5738,0
5739,0
5740,0
5741,0
5742,0
5743,1
5744,1
5745,0
5746,0
5747,0
5748,0
5749,0
5750,0
5751,0
5752,0
5753,1
5754,0
5755,0
5756,0
5757,0
5758,1
5759,0
5760,1
5761,0
5762,0
5763,0
5764,0
5765,0
5766,0
5767,0
5768,0
5769,0
5770,0
5771,0
5772,1
5773,1
5774,0
5775,0
5776,1
5777,1
5778,0
5779,0
5780,0
5781,0
5782,0
5783,0
5784,0
5785,0
5786,0
5787,0
5788,1
5789,0
5790,0
5791,0
5792,1
5793,0
5794,1
5795,0
5796,0
5797,0
5798,0
5799,0
5800,1
5801,1
5802,1
5803,0
5804,0
5805,0
5806,0
5807,0
5808,0
5809,0
5810,0
5811,0
5812,0
5813,0
5814,1
5815,0
5816,0
5817,0
5818,0
5819,0
5820,0
5821,0
5822,0
5823,0
5824,0
5825,0
5826,0
5827,1
5828,0
5829,0
5830,0
5831,1
5832,0
5833,1
5834,0
5835,0
5836,1
5837,0
5838,1
5839,0
5840,0
5841,1
5842,0
5843,0
5844,0
5845,1
5846,1
5847,0
5848,0
5849,0
5850,0
5851,0
5852,0
5853,0
5854,0
5855,1
5856,1
5857,0
5858,1
5859,0
5860,0
5861,0
5862,0
5863,1
5864,1
5865,1
5866,1
5867,0
5868,0
5869,0
5870,0
5871,0
5872,1
5873,0
5874,0
5875,0
5876,0
5877,0
5878,1
5879,1
5880,0
5881,0
5882,0
5883,0
5884,0
5885,1
5886,0
5887,0
5888,1
5889,1
5890,0
5891,0
5892,0
5893,0
5894,0
5895,0
5896,0
5897,0
5898,1
5899,0
5900,0
5901,0
5902,1
5903,1
5904,0
5905,0
5906,0
5907,0
5908,1
5909,0
5910,0
5911,0
5912,0
5913,1
5914,1
5915,0
5916,1
5917,0
5918,1
5919,0
5920,0
5921,0
5922,0
5923,0
5924,0
5925,1
5926,1
5927,0
5928,0
5929,0
5930,1
5931,0
5932,1
5933,1
5934,0
5935,0
5936,1
5937,0
5938,0
5939,0
5940,0
5941,0
5942,0
5943,0
5944,0
5945,1
5946,0
5947,0
5948,1
5949,0
5950,1
5951,0
5952,0
5953,1
5954,0
5955,0
5956,0
5957,1
5958,0
5959,0
5960,1
5961,1
5962,1
5963,0
5964,0
5965,0
5966,0
5967,1
5968,0
5969,0
5970,0
5971,0
5972,0
5973,0
5974,0
5975,0
5976,1
5977,1
5978,1
5979,0
5980,0
5981,0
5982,0
5983,0
5984,0
5985,1
5986,0
5987,0
5988,0
5989,0
5990,0
5991,0
5992,0
5993,0
5994,0
5995,0
5996,0
5997,0
5998,0
5999,0
6000,1
6001,0
6002,0
6003,1
6004,0
6005,0
6006,0
6007,0
6008,0
6009,0
6010,0
6011,1
6012,0
6013,0
6014,1
6015,0
6016,0
6017,0
6018,1
6019,1
6020,0
6021,0
6022,0
6023,0
6024,0
6025,0
6026,1
6027,0
6028,1
6029,0
6030,0
6031,1
6032,0
6033,0
6034,1
6035,1
6036,0
6037,0
6038,0
6039,0
6040,0
6041,1
6042,0
6043,0
6044,1
6045,1
6046,1
6047,0
6048,0
6049,0
6050,0
6051,0
6052,0
6053,0
6054,1
6055,0
6056,0
6057,0
6058,0
6059,1
6060,0
6061,0
6062,0
6063,0
6064,0
6065,0
6066,0
6067,0
6068,0
6069,1
6070,0
6071,1
6072,1
6073,0
6074,0
6075,0
6076,0
6077,1
6078,0
6079,0
6080,0
6081,0
6082,0
6083,0
6084,1
6085,0
6086,0
6087,1
6088,1
6089,0
6090,0
6091,0
6092,0
6093,0
6094,0
6095,0
6096,0
6097,0
6098,0
6099,1
6100,0
6101,0
6102,0
6103,1
6104,1
6105,0
6106,0
6107,1
6108,0
6109,0
6110,0
6111,0
6112,0
6113,1
6114,0
6115,0
6116,0
6117,0
6118,0
6119,0
6120,0
6121,0
6122,0
6123,0
6124,0
6125,1
6126,1
6127,1
6128,0
6129,0
6130,0
6131,0
6132,0
6133,0
6134,0
6135,0
6136,0
6137,0
6138,0
6139,0
6140,1
6141,0
6142,0
6143,0
6144,0
6145,0
6146,1
6147,0
6148,0
6149,0
6150,0
6151,1
6152,0
6153,1
6154,0
6155,0
6156,1
6157,0
6158,0
6159,0
6160,0
6161,0
6162,0
6163,0
6164,0
6165,0
6166,0
6167,1
6168,0
6169,0
6170,0
6171,0
6172,0
6173,0
6174,0
6175,0
6176,0
6177,0
6178,0
6179,1
6180,0
6181,0
6182,0
6183,0
6184,1
6185,1
6186,0
6187,1
6188,0
6189,1
6190,0
6191,0
6192,0
6193,1
6194,0
6195,0
6196,0
6197,1
6198,0
6199,1
6200,1
6201,1
6202,0
6203,0
6204,0
6205,0
6206,0
6207,1
6208,0
6209,1
6210,0
6211,0
6212,0
6213,1
6214,0
6215,0
6216,0
6217,0
6218,0
6219,0
6220,0
6221,0
6222,0
6223,0
6224,0
6225,0
6226,1
6227,1
6228,0
6229,1
6230,1
6231,0
6232,0
6233,0
6234,0
6235,0
6236,0
6237,1
6238,1
6239,0
6240,1
6241,0
6242,0
6243,0
6244,0
6245,0
6246,0
6247,0
6248,0
6249,0
6250,0
6251,0
6252,1
6253,0
6254,0
6255,0
6256,1
6257,0
6258,1
6259,0
6260,0
6261,1
6262,0
6263,1
6264,0
6265,0
6266,0
6267,0
6268,0
6269,0
6270,1
6271,0
6272,0
6273,0
6274,0
6275,0
6276,0
6277,0
6278,0
6279,1
6280,0
6281,0
6282,1
6283,0
6284,0
6285,0
6286,0
6287,0
6288,0
6289,0
6290,0
6291,0
6292,1
6293,0
6294,0
6295,0
6296,0
6297,0
6298,0
6299,1
6300,1
6301,0
6302,0
6303,1
6304,0
6305,0
6306,0
6307,1
6308,1
6309,0
6310,0
6311,0
6312,1
6313,0
6314,0
6315,1
6316,1
6317,0
6318,0
6319,0
6320,1
6321,1
6322,0
6323,0
6324,0
6325,0
6326,1
6327,1
6328,1
6329,0
6330,0
6331,0
6332,0
6333,0
6334,0
6335,1
6336,1
6337,1
6338,1
6339,0
6340,0
6341,1
6342,0
6343,1
6344,0
6345,0
6346,0
6347,0
6348,0
6349,0
6350,0
6351,1
6352,0
6353,1
6354,0
6355,0
6356,0
6357,0
6358,0
6359,0
6360,0
6361,1
6362,0
6363,1
6364,1
6365,0
6366,1
6367,0
6368,1
6369,0
6370,1
6371,0
6372,0
6373,0
6374,0
6375,0
6376,0
6377,0
6378,0
6379,0
6380,0
6381,0
6382,0
6383,0
6384,1
6385,1
6386,0
6387,0
6388,0
6389,0
6390,0
6391,0
6392,1
6393,0
6394,0
6395,0
6396,0
6397,1
6398,0
6399,0
6400,0
6401,1
6402,0
6403,1
6404,0
6405,0
6406,0
6407,0
6408,1
6409,1
6410,0
6411,0
6412,0
6413,0
6414,1
6415,0
6416,0
6417,1
6418,0
6419,0
6420,0
6421,0
6422,0
6423,0
6424,0
6425,1
6426,1
6427,0
6428,1
6429,0
6430,0
6431,0
6432,0
6433,0
6434,0
6435,0
6436,0
6437,1
6438,0
6439,1
6440,0
6441,1
6442,0
6443,0
6444,0
6445,0
6446,0
6447,1
6448,0
6449,0
6450,0
6451,1
6452,1
6453,0
6454,0
6455,0
6456,0
6457,1
6458,0
6459,1
6460,0
6461,0
6462,1
6463,1
6464,0
6465,0
6466,0
6467,0
6468,1
6469,0
6470,0
6471,1
6472,0
6473,0
6474,0
6475,0
6476,0
6477,0
6478,0
6479,1
6480,0
6481,0
6482,0
6483,0
6484,0
6485,0
6486,0
6487,0
6488,1
6489,0
6490,1
6491,1
6492,1
6493,0
6494,0
6495,0
6496,0
6497,0
6498,0
6499,1
6500,0
6501,0
6502,0
6503,0
6504,0
6505,0
6506,0
6507,0
6508,0
6509,1
6510,0
6511,0
6512,0
6513,0
6514,1
6515,0
6516,1
6517,0
6518,0
6519,0
6520,0
6521,1
6522,0
6523,0
6524,0
6525,0
6526,1
6527,0
6528,0
6529,0
6530,0
6531,1
6532,1
6533,0
6534,0
6535,1
6536,0
6537,0
6538,0
6539,1
6540,0
6541,1
6542,1
6543,0
6544,0
6545,1
6546,0
6547,0
6548,1
6549,0
6550,1
6551,1
6552,0
6553,0
6554,0
6555,1
6556,0
6557,0
6558,1
6559,0
6560,0
6561,0
6562,0
6563,1
6564,0
6565,1
6566,0
6567,0
6568,0
6569,0
6570,0
6571,1
6572,1
6573,0
6574,0
6575,0
6576,0
6577,0
6578,0
6579,0
6580,1
6581,0
6582,0
6583,0
6584,0
6585,0
6586,0
6587,1
6588,0
6589,0
6590,0
6591,0
6592,0
6593,0
6594,1
6595,0
6596,0
6597,0
6598,0
6599,0
6600,1
6601,0
6602,0
6603,0
6604,0
6605,1
6606,0
6607,1
6608,0
6609,0
6610,0
6611,1
6612,0
6613,0
6614,0
6615,1
6616,0
6617,0
6618,0
6619,0
6620,1
6621,1
6622,0
6623,0
6624,0
6625,1
6626,0
6627,0
6628,0
6629,1
6630,0
6631,0
6632,1
6633,0
6634,0
6635,0
6636,0
6637,0
6638,1
6639,0
6640,1
6641,1
6642,0
6643,0
6644,0
6645,0
6646,1
6647,0
6648,0
6649,0
6650,0
6651,0
6652,0
6653,0
6654,0
6655,1
6656,0
6657,0
6658,0
6659,1
6660,0
6661,0
6662,0
6663,1
6664,0
6665,1
6666,0
6667,1
6668,0
6669,0
6670,0
6671,0
6672,0
6673,0
6674,0
6675,0
6676,1
6677,0
6678,0
6679,0
6680,0
6681,0
6682,0
6683,0
6684,0
6685,0
6686,0
6687,1
6688,0
6689,0
6690,1
6691,0
6692,0
6693,1
6694,0
6695,1
6696,0
6697,0
6698,0
6699,0
6700,0
6701,0
6702,0
6703,1
6704,0
6705,0
6706,0
6707,0
6708,0
6709,1
6710,0
6711,0
6712,0
6713,1
6714,0
6715,0
6716,0
6717,1
6718,0
6719,0
6720,0
6721,0
6722,1
6723,0
6724,1
6725,1
6726,0
6727,0
6728,0
6729,1
6730,0
6731,0
6732,0
6733,0
6734,1
6735,1
6736,1
6737,1
6738,0
6739,1
6740,0
6741,0
6742,0
6743,0
6744,0
6745,0
6746,0
6747,1
6748,0
6749,1
6750,0
6751,0
6752,0
6753,1
6754,0
6755,0
6756,1
6757,0
6758,0
6759,0
6760,1
6761,1
6762,0
6763,0
6764,1
6765,0
6766,0
6767,0
6768,0
6769,1
6770,0
6771,0
6772,0
6773,0
6774,0
6775,0
6776,0
6777,0
6778,0
6779,0
6780,0
6781,0
6782,0
6783,0
6784,0
6785,1
6786,0
6787,1
6788,0
6789,0
6790,0
6791,1
6792,0
6793,0
6794,0
6795,0
6796,0
6797,1
6798,0
6799,0
6800,0
6801,0
6802,0
6803,0
6804,0
6805,0
6806,0
6807,0
6808,0
6809,0
6810,0
6811,0
6812,0
6813,0
6814,0
6815,1
6816,0
6817,0
6818,0
6819,1
6820,0
6821,0
6822,1
6823,1
6824,0
6825,0
6826,0
6827,1
6828,0
6829,0
6830,0
6831,0
6832,0
6833,1
6834,0
6835,0
6836,0
6837,1
6838,0
6839,0
6840,0
6841,0
6842,1
6843,0
6844,0
6845,0
6846,0
6847,0
6848,0
6849,0
6850,0
6851,0
6852,0
6853,0
6854,0
6855,0
6856,0
6857,0
6858,0
6859,0
6860,0
6861,0
6862,0
6863,0
6864,1
6865,0
6866,0
6867,0
6868,0
6869,0
6870,0
6871,0
6872,0
6873,0
6874,0
6875,1
6876,0
6877,0
6878,1
6879,0
6880,0
6881,0
6882,1
6883,0
6884,1
6885,0
6886,0
6887,0
6888,0
6889,0
6890,0
6891,0
6892,0
6893,0
6894,0
6895,1
6896,1
6897,0
6898,0
6899,0
6900,0
6901,1
6902,0
6903,1
6904,0
6905,0
6906,0
6907,0
6908,1
6909,0
6910,0
6911,0
6912,1
6913,0
6914,1
6915,0
6916,0
6917,0
6918,1
6919,0
6920,1
6921,0
6922,1
6923,0
6924,0
6925,1
6926,0
6927,0
6928,1
6929,1
6930,0
6931,1
6932,1
6933,0
6934,0
6935,0
6936,1
6937,1
6938,1
6939,0
6940,0
6941,0
6942,0
6943,0
6944,0
6945,0
6946,0
6947,0
6948,0
6949,0
6950,1
6951,0
6952,1
6953,0
6954,0
6955,0
6956,1
6957,0
6958,0
6959,0
6960,0
6961,0
6962,0
6963,0
6964,1
6965,0
6966,0
6967,1
6968,0
6969,0
6970,1
6971,0
6972,0
6973,1
6974,0
6975,0
6976,0
6977,0
6978,0
6979,0
6980,0
6981,1
6982,0
6983,1
6984,1
6985,0
6986,0
6987,0
6988,0
6989,0
6990,0
6991,1
6992,0
6993,0
6994,0
6995,0
6996,0
6997,0
6998,0
6999,1
7000,0
7001,0
7002,0
7003,0
7004,0
7005,0
7006,1
7007,0
7008,0
7009,0
7010,0
7011,1
7012,0
7013,0
7014,0
7015,1
7016,0
7017,0
7018,0
7019,0
7020,0
7021,0
7022,0
7023,0
7024,0
7025,0
7026,0
7027,1
7028,0
7029,0
7030,0
7031,0
7032,1
7033,0
7034,0
7035,0
7036,0
7037,0
7038,1
7039,1
7040,0
7041,0
7042,0
7043,0
7044,0
7045,0
7046,0
7047,0
7048,1
7049,0
7050,0
7051,1
7052,0
7053,0
7054,1
7055,0
7056,0
7057,0
7058,0
7059,1
7060,0
7061,0
7062,0
7063,0
7064,0
7065,0
7066,0
7067,0
7068,0
7069,0
7070,0
7071,0
7072,1
7073,0
7074,0
7075,1
7076,0
7077,0
7078,0
7079,0
7080,0
7081,0
7082,1
7083,0
7084,0
7085,0
7086,0
7087,1
7088,0
7089,0
7090,1
7091,0
7092,0
7093,0
7094,0
7095,0
7096,1
7097,0
7098,0
7099,0
7100,1
7101,0
7102,0
7103,0
7104,0
7105,0
7106,1
7107,1
7108,0
7109,0
7110,0
7111,0
7112,0
7113,0
7114,0
7115,0
7116,0
7117,0
7118,0
7119,0
7120,0
7121,0
7122,0
7123,0
7124,0
7125,0
7126,0
7127,0
7128,1
7129,0
7130,1
7131,0
7132,1
7133,0
7134,0
7135,1
7136,0
7137,1
7138,0
7139,1
7140,1
7141,0
7142,0
7143,1
7144,0
7145,1
7146,0
7147,0
7148,1
7149,1
7150,0
7151,0
7152,0
7153,0
7154,0
7155,0
7156,1
7157,0
7158,1
7159,1
7160,0
7161,0
7162,0
7163,1
7164,0
7165,1
7166,0
7167,1
7168,0
7169,0
7170,1
7171,0
7172,0
7173,0
7174,0
7175,0
7176,0
7177,1
7178,0
7179,1
7180,1
7181,1
7182,0
7183,0
7184,1
7185,0
7186,0
7187,0
7188,0
7189,0
7190,0
7191,0
7192,1
7193,0
7194,0
7195,0
7196,0
7197,0
7198,1
7199,0
7200,1
7201,0
7202,0
7203,1
7204,0
7205,0
7206,0
7207,1
7208,0
7209,0
7210,0
7211,0
7212,0
7213,0
7214,1
7215,0
7216,0
7217,0
7218,0
7219,0
7220,0
7221,0
7222,0
7223,0
7224,0
7225,0
7226,0
7227,1
7228,0
7229,0
7230,0
7231,0
7232,1
7233,0
7234,0
7235,0
7236,0
7237,0
7238,0
7239,1
7240,0
7241,1
7242,1
7243,0
7244,0
7245,1
7246,0
7247,0
7248,0
7249,0
7250,1
7251,0
7252,1
7253,1
7254,1
7255,0
7256,0
7257,1
7258,1
7259,0
7260,0
7261,0
7262,0
7263,0
7264,0
7265,0
7266,0
7267,1
7268,0
7269,1
7270,0
7271,0
7272,0
7273,1
7274,0
7275,0
7276,0
7277,0
7278,0
7279,0
7280,0
7281,0
7282,0
7283,0
7284,0
7285,0
7286,1
7287,0
7288,0
7289,0
7290,0
7291,1
7292,0
7293,0
7294,0
7295,1
7296,0
7297,0
7298,1
7299,1
7300,0
7301,0
7302,0
7303,0
7304,0
7305,0
7306,1
7307,1
7308,0
7309,1
7310,0
7311,1
7312,0
7313,0
7314,0
7315,0
7316,0
7317,0
7318,0
7319,1
7320,1
7321,0
7322,1
7323,0
7324,0
7325,0
7326,0
7327,0
7328,0
7329,0
7330,0
7331,1
7332,0
7333,0
7334,0
7335,1
7336,1
7337,0
7338,0
7339,0
7340,0
7341,0
7342,0
7343,0
7344,0
7345,1
7346,0
7347,0
7348,0
7349,0
7350,1
7351,1
7352,1
7353,1
7354,0
7355,1
7356,0
7357,0
7358,0
7359,1
7360,1
7361,0
7362,0
7363,1
7364,0
7365,0
7366,0
7367,1
7368,0
7369,0
7370,0
7371,0
7372,0
7373,0
7374,0
7375,0
7376,0
7377,0
7378,0
7379,1
7380,0
7381,0
7382,0
7383,0
7384,0
7385,0
7386,0
7387,0
7388,0
7389,0
7390,1
7391,1
7392,0
7393,1
7394,1
7395,0
7396,1
7397,0
7398,0
7399,0
7400,1
7401,0
7402,1
7403,0
7404,1
7405,1
7406,0
7407,0
7408,0
7409,0
7410,0
7411,0
7412,0
7413,0
7414,1
7415,1
7416,0
7417,0
7418,0
7419,0
7420,1
7421,1
7422,0
7423,0
7424,0
7425,0
7426,0
7427,0
7428,1
7429,0
7430,0
7431,1
7432,0
7433,0
7434,0
7435,0
7436,0
7437,0
7438,1
7439,0
7440,0
7441,0
7442,0
7443,1
7444,0
7445,1
7446,1
7447,1
7448,0
7449,0
7450,0
7451,1
7452,0
7453,0
7454,0
7455,0
7456,0
7457,0
7458,1
7459,0
7460,0
7461,0
7462,0
7463,0
7464,0
7465,0
7466,0
7467,0
7468,0
7469,1
7470,1
7471,0
7472,0
7473,0
7474,0
7475,0
7476,0
7477,0
7478,0
7479,0
7480,1
7481,0
7482,1
7483,0
7484,1
7485,0
7486,0
7487,0
7488,1
7489,1
7490,1
7491,0
7492,0
7493,0
7494,0
7495,0
7496,0
7497,1
7498,0
7499,0
7500,0
7501,0
7502,1
7503,1
7504,0
7505,0
7506,0
7507,0
7508,0
7509,0
7510,0
7511,0
7512,1
7513,0
7514,0
7515,0
7516,0
7517,0
7518,1
7519,1
7520,0
7521,1
7522,1
7523,0
7524,1
7525,0
7526,1
7527,0
7528,1
7529,0
7530,0
7531,1
7532,0
7533,0
7534,0
7535,0
7536,0
7537,0
7538,0
7539,1
7540,0
7541,0
7542,0
7543,0
7544,0
7545,0
7546,0
7547,0
7548,0
7549,0
7550,0
7551,0
7552,0
7553,0
7554,1
7555,0
7556,1
7557,0
7558,0
7559,0
7560,0
7561,0
7562,0
7563,0
7564,0
7565,0
7566,0
7567,0
7568,1
7569,1
7570,0
7571,0
7572,0
7573,1
7574,0
7575,1
7576,0
7577,0
7578,1
7579,0
7580,0
7581,0
7582,1
7583,0
7584,0
7585,0
7586,0
7587,0
7588,0
7589,1
7590,1
7591,0
7592,0
7593,0
7594,0
7595,1
7596,0
7597,0
7598,0
7599,0
7600,0
7601,0
7602,0
7603,0
7604,1
7605,0
7606,1
7607,0
7608,1
7609,0
7610,1
7611,0
7612,0
7613,0
7614,0
7615,0
7616,1
7617,0
7618,1
7619,0
7620,1
7621,1
7622,1
7623,1
7624,0
7625,1
7626,1
7627,0
7628,1
7629,0
7630,0
7631,0
7632,0
7633,0
7634,0
7635,0
7636,0
7637,0
7638,1
7639,0
7640,0
7641,1
7642,0
7643,0
7644,0
7645,0
7646,0
7647,0
7648,0
7649,0
7650,1
7651,0
7652,0
7653,0
7654,0
7655,0
7656,1
7657,1
7658,0
7659,0
7660,0
7661,0
7662,0
7663,0
7664,0
7665,0
7666,0
7667,0
7668,0
7669,0
7670,0
7671,0
7672,0
7673,0
7674,1
7675,1
7676,0
7677,0
7678,0
7679,0
7680,0
7681,0
7682,1
7683,1
7684,1
7685,1
7686,1
7687,0
7688,1
7689,0
7690,0
7691,0
7692,0
7693,1
7694,0
7695,0
7696,0
7697,0
7698,0
7699,0
7700,0
7701,1
7702,0
7703,0
7704,1
7705,0
7706,0
7707,0
7708,1
7709,1
7710,0
7711,1
7712,1
7713,0
7714,0
7715,0
7716,0
7717,0
7718,0
7719,0
7720,0
7721,1
7722,0
7723,0
7724,1
7725,1
7726,1
7727,0
7728,0
7729,0
7730,0
7731,0
7732,0
7733,0
7734,1
7735,1
7736,0
7737,0
7738,0
7739,1
7740,0
7741,0
7742,0
7743,1
7744,1
7745,0
7746,0
7747,1
7748,0
7749,0
7750,1
7751,0
7752,0
7753,1
7754,0
7755,0
7756,1
7757,1
7758,0
7759,1
7760,0
7761,0
7762,1
7763,0
7764,0
7765,0
7766,0
7767,1
7768,1
7769,0
7770,1
7771,0
7772,0
7773,0
7774,1
7775,0
7776,0
7777,0
7778,0
7779,0
7780,1
7781,0
7782,0
7783,0
7784,0
7785,0
7786,1
7787,1
7788,0
7789,0
7790,0
7791,0
7792,1
7793,0
7794,0
7795,0
7796,0
7797,0
7798,1
7799,0
7800,1
7801,1
7802,1
7803,0
7804,0
7805,1
7806,1
7807,0
7808,1
7809,1
7810,0
7811,1
7812,0
7813,0
7814,0
7815,0
7816,1
7817,0
7818,0
7819,0
7820,0
7821,0
7822,0
7823,0
7824,0
7825,0
7826,0
7827,0
7828,1
7829,0
7830,0
7831,0
7832,0
7833,0
7834,1
7835,0
7836,1
7837,0
7838,0
7839,0
7840,1
7841,0
7842,1
7843,0
7844,1
7845,1
7846,0
7847,1
7848,1
7849,0
7850,0
7851,0
7852,0
7853,0
7854,0
7855,1
7856,0
7857,0
7858,0
7859,0
7860,0
7861,0
7862,0
7863,1
7864,1
7865,0
7866,0
7867,0
7868,0
7869,0
7870,0
7871,1
7872,1
7873,1
7874,0
7875,0
7876,0
7877,1
7878,0
7879,0
7880,1
7881,1
7882,0
7883,0
7884,0
7885,0
7886,1
7887,0
7888,0
7889,0
7890,0
7891,1
7892,0
7893,0
7894,0
7895,0
7896,0
7897,0
7898,0
7899,0
7900,0
7901,0
7902,0
7903,0
7904,1
7905,1
7906,0
7907,0
7908,0
7909,0
7910,0
7911,0
7912,0
7913,0
7914,0
7915,0
7916,0
7917,0
7918,0
7919,0
7920,0
7921,1
7922,1
7923,0
7924,0
7925,0
7926,1
7927,1
7928,0
7929,0
7930,0
7931,1
7932,0
7933,0
7934,0
7935,0
7936,0
7937,0
7938,1
7939,0
7940,0
7941,0
7942,0
7943,0
7944,0
7945,0
7946,0
7947,0
7948,0
7949,0
7950,0
7951,1
7952,0
7953,0
7954,0
7955,1
7956,0
7957,0
7958,0
7959,0
7960,0
7961,0
7962,1
7963,0
7964,0
7965,0
7966,0
7967,0
7968,0
7969,0
7970,0
7971,0
7972,0
7973,0
7974,1
7975,1
7976,0
7977,1
7978,0
7979,1
7980,0
7981,0
7982,1
7983,1
7984,0
7985,0
7986,0
7987,1
7988,0
7989,1
7990,0
7991,1
7992,0
7993,0
7994,0
7995,0
7996,0
7997,1
7998,0
7999,0
8000,1
8001,0
8002,1
8003,0
8004,0
8005,1
8006,0
8007,1
8008,0
8009,0
8010,1
8011,0
8012,1
8013,1
8014,0
8015,0
8016,0
8017,0
8018,1
8019,1
8020,0
8021,0
8022,0
8023,0
8024,0
8025,0
8026,0
8027,0
8028,0
8029,0
8030,0
8031,0
8032,1
8033,0
8034,1
8035,0
8036,0
8037,0
8038,0
8039,0
8040,0
8041,0
8042,0
8043,1
8044,0
8045,0
8046,0
8047,0
8048,0
8049,0
8050,0
8051,0
8052,0
8053,0
8054,0
8055,1
8056,1
8057,1
8058,1
8059,0
8060,0
8061,0
8062,1
8063,1
8064,0
8065,0
8066,0
8067,0
8068,0
8069,0
8070,0
8071,0
8072,0
8073,1
8074,0
8075,0
8076,0
8077,1
8078,1
8079,1
8080,1
8081,0
8082,1
8083,1
8084,0
8085,0
8086,0
8087,0
8088,0
8089,0
8090,0
8091,0
8092,0
8093,0
8094,0
8095,0
8096,0
8097,1
8098,0
8099,0
8100,1
8101,0
8102,0
8103,0
8104,1
8105,0
8106,1
8107,0
8108,0
8109,0
8110,0
8111,0
8112,0
8113,0
8114,0
8115,0
8116,0
8117,0
8118,0
8119,1
8120,0
8121,0
8122,0
8123,0
8124,0
8125,0
8126,0
8127,0
8128,0
8129,0
8130,0
8131,1
8132,0
8133,0
8134,0
8135,1
8136,1
8137,0
8138,0
8139,0
8140,1
8141,0
8142,0
8143,0
8144,0
8145,0
8146,0
8147,0
8148,0
8149,1
8150,0
8151,0
8152,0
8153,0
8154,0
8155,0
8156,0
8157,0
8158,0
8159,0
8160,1
8161,0
8162,0
8163,0
8164,1
8165,0
8166,1
8167,0
8168,0
8169,0
8170,0
8171,0
8172,0
8173,0
8174,0
8175,0
8176,0
8177,0
8178,0
8179,0
8180,0
8181,0
8182,0
8183,0
8184,0
8185,0
8186,0
8187,1
8188,0
8189,0
8190,0
8191,0
8192,0
8193,0
8194,0
8195,0
8196,0
8197,0
8198,0
8199,0
8200,0
8201,0
8202,1
8203,1
8204,0
8205,0
8206,0
8207,0
8208,0
8209,0
8210,0
8211,0
8212,0
8213,0
8214,0
8215,0
8216,1
8217,0
8218,0
8219,1
8220,0
8221,0
8222,0
8223,1
8224,0
8225,0
8226,1
8227,0
8228,0
8229,1
8230,0
8231,0
8232,0
8233,0
8234,1
8235,1
8236,0
8237,0
8238,0
8239,0
8240,1
8241,1
8242,0
8243,0
8244,0
8245,0
8246,0
8247,1
8248,0
8249,0
8250,1
8251,1
8252,0
8253,1
8254,0
8255,0
8256,0
8257,1
8258,1
8259,0
8260,0
8261,0
8262,0
8263,0
8264,0
8265,0
8266,0
8267,0
8268,1
8269,1
8270,0
8271,0
8272,0
8273,1
8274,0
8275,0
8276,1
8277,0
8278,0
8279,0
8280,0
8281,0
8282,0
8283,0
8284,1
8285,0
8286,1
8287,0
8288,1
8289,1
8290,1
8291,0
8292,1
8293,1
8294,0
8295,0
8296,0
8297,0
8298,0
8299,0
8300,0
8301,1
8302,0
8303,1
8304,0
8305,0
8306,1
8307,0
8308,0
8309,0
8310,0
8311,1
8312,0
8313,1
8314,1
8315,0
8316,0
8317,0
8318,1
8319,0
8320,0
8321,0
8322,1
8323,0
8324,0
8325,0
8326,1
8327,0
8328,1
8329,1
8330,1
8331,0
8332,0
8333,0
8334,1
8335,0
8336,0
8337,0
8338,0
8339,0
8340,0
8341,0
8342,1
8343,0
8344,0
8345,0
8346,0
8347,0
8348,0
8349,0
8350,0
8351,0
8352,1
8353,0
8354,0
8355,0
8356,0
8357,0
8358,0
8359,0
8360,0
8361,1
8362,0
8363,0
8364,0
8365,1
8366,0
8367,0
8368,0
8369,0
8370,1
8371,0
8372,0
8373,1
8374,1
8375,0
8376,1
8377,0
8378,0
8379,0
8380,0
8381,1
8382,1
8383,0
8384,0
8385,0
8386,0
8387,0
8388,0
8389,0
8390,0
8391,0
8392,0
8393,1
8394,0
8395,0
8396,1
8397,0
8398,0
8399,0
8400,0
8401,0
8402,0
8403,0
8404,0
8405,0
8406,0
8407,0
8408,0
8409,0
8410,1
8411,1
8412,0
8413,0
8414,0
8415,0
8416,0
8417,0
8418,0
8419,0
8420,0
8421,0
8422,0
8423,1
8424,0
8425,1
8426,0
8427,1
8428,0
8429,1
8430,0
8431,0
8432,0
8433,1
8434,0
8435,0
8436,0
8437,0
8438,0
8439,0
8440,0
8441,0
8442,0
8443,0
8444,1
8445,0
8446,0
8447,0
8448,0
8449,0
8450,1
8451,1
8452,0
8453,0
8454,1
8455,0
8456,1
8457,0
8458,0
8459,0
8460,1
8461,0
8462,0
8463,1
8464,1
8465,0
8466,1
8467,0
8468,0
8469,0
8470,0
8471,0
8472,1
8473,0
8474,1
8475,0
8476,0
8477,1
8478,1
8479,0
8480,0
8481,0
8482,0
8483,0
8484,1
8485,0
8486,1
8487,0
8488,0
8489,0
8490,0
8491,0
8492,0
8493,1
8494,1
8495,0
8496,0
8497,0
8498,1
8499,0
8500,0
8501,0
8502,1
8503,0
8504,0
8505,0
8506,0
8507,0
8508,1
8509,0
8510,0
8511,0
8512,0
8513,0
8514,0
8515,1
8516,0
8517,1
8518,1
8519,0
8520,0
8521,0
8522,0
8523,0
8524,0
8525,1
8526,1
8527,0
8528,1
8529,1
8530,0
8531,0
8532,0
8533,0
8534,0
8535,0
8536,0
8537,0
8538,1
8539,1
8540,0
8541,0
8542,0
8543,0
8544,0
8545,1
8546,0
8547,0
8548,0
8549,1
8550,1
8551,1
8552,0
8553,0
8554,0
8555,0
8556,0
8557,0
8558,0
8559,0
8560,0
8561,0
8562,0
8563,0
8564,1
8565,0
8566,1
8567,1
8568,0
8569,1
8570,1
8571,1
8572,0
8573,1
8574,0
8575,0
8576,0
8577,0
8578,0
8579,0
8580,0
8581,1
8582,1
8583,1
8584,0
8585,0
8586,0
8587,0
8588,0
8589,0
8590,0
8591,0
8592,1
8593,0
8594,0
8595,0
8596,0
8597,0
8598,0
8599,0
8600,0
8601,0
8602,0
8603,0
8604,0
8605,1
8606,1
8607,1
8608,0
8609,0
8610,1
8611,0
8612,0
8613,0
8614,0
8615,0
8616,1
8617,0
8618,0
8619,0
8620,1
8621,1
8622,0
8623,0
8624,0
8625,0
8626,0
8627,0
8628,0
8629,0
8630,0
8631,0
8632,0
8633,0
8634,0
8635,0
8636,0
8637,0
8638,0
8639,0
8640,0
8641,0
8642,0
8643,0
8644,1
8645,0
8646,1
8647,0
8648,0
8649,0
8650,0
8651,1
8652,0
8653,1
8654,1
8655,0
8656,0
8657,0
8658,1
8659,1
8660,0
8661,1
8662,0
8663,0
8664,0
8665,0
8666,1
8667,0
8668,1
8669,0
8670,0
8671,0
8672,1
8673,0
8674,0
8675,0
8676,0
8677,0
8678,1
8679,0
8680,0
8681,0
8682,0
8683,0
8684,0
8685,0
8686,0
8687,1
8688,0
8689,0
8690,0
8691,1
8692,1
8693,0
8694,0
8695,1
8696,0
8697,1
8698,0
8699,0
8700,0
8701,1
8702,0
8703,0
8704,0
8705,0
8706,0
8707,0
8708,0
8709,1
8710,0
8711,0
8712,0
8713,0
8714,0
8715,0
8716,0
8717,1
8718,0
8719,0
8720,0
8721,0
8722,0
8723,1
8724,0
8725,0
8726,0
8727,0
8728,0
8729,0
8730,0
8731,1
8732,0
8733,0
8734,0
8735,0
8736,0
8737,0
8738,1
8739,0
8740,0
8741,0
8742,1
8743,0
8744,0
8745,0
8746,0
8747,0
8748,0
8749,1
8750,0
8751,0
8752,0
8753,0
8754,0
8755,0
8756,0
8757,0
8758,0
8759,0
8760,0
8761,0
8762,0
8763,0
8764,0
8765,0
8766,0
8767,0
8768,1
8769,0
8770,0
8771,0
8772,0
8773,0
8774,0
8775,1
8776,0
8777,1
8778,0
8779,0
8780,1
8781,1
8782,0
8783,0
8784,1
8785,0
8786,0
8787,0
8788,1
8789,0
8790,0
8791,0
8792,0
8793,0
8794,0
8795,1
8796,0
8797,0
8798,0
8799,0
8800,1
8801,0
8802,0
8803,0
8804,1
8805,0
8806,0
8807,0
8808,0
8809,1
8810,1
8811,0
8812,0
8813,0
8814,0
8815,0
8816,1
8817,1
8818,0
8819,0
8820,0
8821,1
8822,0
8823,0
8824,0
8825,0
8826,0
8827,1
8828,1
8829,0
8830,0
8831,0
8832,1
8833,1
8834,0
8835,0
8836,0
8837,1
8838,0
8839,0
8840,0
8841,1
8842,0
8843,1
8844,0
8845,0
8846,0
8847,0
8848,0
8849,0
8850,0
8851,0
8852,0
8853,1
8854,1
8855,0
8856,0
8857,0
8858,0
8859,1
8860,1
8861,0
8862,1
8863,0
8864,0
8865,0
8866,0
8867,0
8868,0
8869,0
8870,0
8871,0
8872,0
8873,0
8874,1
8875,0
8876,1
8877,0
8878,0
8879,1
8880,0
8881,0
8882,0
8883,0
8884,1
8885,0
8886,1
8887,0
8888,1
8889,0
8890,1
8891,0
8892,0
8893,0
8894,0
8895,1
8896,1
8897,1
8898,0
8899,0
8900,1
8901,0
8902,0
8903,1
8904,0
8905,1
8906,0
8907,0
8908,0
8909,0
8910,0
8911,0
8912,0
8913,0
8914,1
8915,0
8916,0
8917,0
8918,1
8919,1
8920,0
8921,1
8922,0
8923,1
8924,0
8925,1
8926,1
8927,0
8928,0
8929,1
8930,1
8931,0
8932,0
8933,0
8934,1
8935,0
8936,0
8937,0
8938,1
8939,0
8940,0
8941,0
8942,0
8943,0
8944,1
8945,0
8946,0
8947,0
8948,1
8949,0
8950,0
8951,0
8952,0
8953,1
8954,0
8955,1
8956,0
8957,0
8958,0
8959,0
8960,0
8961,0
8962,0
8963,0
8964,0
8965,0
8966,0
8967,1
8968,0
8969,0
8970,0
8971,0
8972,1
8973,0
8974,0
8975,0
8976,0
8977,0
8978,0
8979,0
8980,0
8981,1
8982,0
8983,0
8984,0
8985,0
8986,0
8987,0
8988,1
8989,0
8990,1
8991,0
8992,0
8993,0
8994,0
8995,0
8996,1
8997,0
8998,1
8999,0
9000,0
9001,0
9002,0
9003,1
9004,0
9005,0
9006,0
9007,0
9008,1
9009,0
9010,1
9011,0
9012,0
9013,1
9014,1
9015,1
9016,0
9017,0
9018,1
9019,0
9020,0
9021,0
9022,0
9023,0
9024,0
9025,0
9026,0
9027,1
9028,0
9029,0
9030,0
9031,1
9032,0
9033,1
9034,1
9035,0
9036,0
9037,1
9038,0
9039,1
9040,1
9041,1
9042,1
9043,0
9044,1
9045,0
9046,1
9047,1
9048,0
9049,0
9050,1
9051,0
9052,0
9053,0
9054,0
9055,1
9056,1
9057,0
9058,1
9059,0
9060,1
9061,0
9062,0
9063,0
9064,0
9065,0
9066,0
9067,1
9068,0
9069,1
9070,0
9071,1
9072,1
9073,0
9074,0
9075,0
9076,1
9077,1
9078,0
9079,0
9080,0
9081,1
9082,0
9083,0
9084,1
9085,1
9086,1
9087,0
9088,1
9089,0
9090,0
9091,0
9092,0
9093,0
9094,0
9095,0
9096,1
9097,0
9098,0
9099,0
9100,1
9101,0
9102,0
9103,0
9104,0
9105,0
9106,0
9107,0
9108,1
9109,0
9110,0
9111,0
9112,0
9113,0
9114,0
9115,0
9116,0
9117,0
9118,0
9119,1
9120,0
9121,0
9122,0
9123,0
9124,1
9125,0
9126,0
9127,0
9128,0
9129,0
9130,0
9131,1
9132,1
9133,0
9134,0
9135,0
9136,0
9137,0
9138,1
9139,0
9140,0
9141,0
9142,0
9143,0
9144,0
9145,0
9146,0
9147,0
9148,0
9149,1
9150,0
9151,0
9152,0
9153,0
9154,0
9155,0
9156,0
9157,0
9158,1
9159,1
9160,1
9161,0
9162,0
9163,0
9164,0
9165,0
9166,1
9167,1
9168,1
9169,0
9170,1
9171,0
9172,1
9173,0
9174,1
9175,0
9176,0
9177,0
9178,0
9179,0
9180,0
9181,0
9182,1
9183,1
9184,0
9185,0
9186,0
9187,0
9188,0
9189,0
9190,0
9191,1
9192,0
9193,0
9194,0
9195,1
9196,0
9197,0
9198,0
9199,0
9200,0
9201,1
9202,1
9203,0
9204,0
9205,0
9206,0
9207,0
9208,0
9209,0
9210,0
9211,0
9212,0
9213,1
9214,0
9215,1
9216,1
9217,0
9218,1
9219,0
9220,0
9221,0
9222,0
9223,1
9224,0
9225,1
9226,0
9227,0
9228,0
9229,0
9230,0
9231,1
9232,0
9233,1
9234,0
9235,0
9236,0
9237,0
9238,0
9239,0
9240,0
9241,0
9242,0
9243,0
9244,0
9245,0
9246,0
9247,0
9248,0
9249,0
9250,0
9251,0
9252,0
9253,1
9254,0
9255,0
9256,0
9257,0
9258,0
9259,1
9260,0
9261,0
9262,0
9263,0
9264,0
9265,1
9266,0
9267,0
9268,0
9269,1
9270,0
9271,0
9272,0
9273,0
9274,0
9275,0
9276,1
9277,1
9278,1
9279,0
9280,0
9281,0
9282,1
9283,0
9284,0
9285,0
9286,1
9287,0
9288,0
9289,0
9290,0
9291,0
9292,1
9293,0
9294,1
9295,0
9296,0
9297,1
9298,0
9299,1
9300,0
9301,1
9302,0
9303,1
9304,0
9305,0
9306,1
9307,0
9308,0
9309,1
9310,0
9311,0
9312,0
9313,1
9314,0
9315,0
9316,0
9317,0
9318,0
9319,0
9320,1
9321,1
9322,0
9323,1
9324,0
9325,0
9326,0
9327,0
9328,1
9329,0
9330,0
9331,0
9332,1
9333,1
9334,0
9335,0
9336,0
9337,0
9338,0
9339,1
9340,0
9341,0
9342,0
9343,0
9344,0
9345,0
9346,0
9347,0
9348,0
9349,0
9350,0
9351,1
9352,0
9353,0
9354,1
9355,1
9356,0
9357,0
9358,0
9359,1
9360,0
9361,0
9362,0
9363,0
9364,1
9365,0
9366,0
9367,0
9368,0
9369,0
9370,0
9371,0
9372,1
9373,0
9374,0
9375,0
9376,0
9377,0
9378,0
9379,1
9380,0
9381,1
9382,1
9383,0
9384,0
9385,0
9386,1
9387,0
9388,0
9389,0
9390,0
9391,0
9392,1
9393,1
9394,0
9395,1
9396,0
9397,1
9398,0
9399,1
9400,0
9401,0
9402,0
9403,1
9404,1
9405,0
9406,0
9407,0
9408,0
9409,0
9410,0
9411,1
9412,0
9413,0
9414,0
9415,1
9416,1
9417,0
9418,1
9419,0
9420,0
9421,0
9422,1
9423,0
9424,0
9425,0
9426,1
9427,0
9428,0
9429,0
9430,0
9431,1
9432,0
9433,1
9434,1
9435,0
9436,0
9437,0
9438,0
9439,0
9440,0
9441,0
9442,0
9443,0
9444,0
9445,0
9446,0
9447,0
9448,0
9449,0
9450,1
9451,0
9452,1
9453,0
9454,0
9455,1
9456,0
9457,1
9458,0
9459,1
9460,0
9461,1
9462,1
9463,0
9464,0
9465,0
9466,0
9467,0
9468,0
9469,1
9470,0
9471,0
9472,0
9473,0
9474,1
9475,0
9476,0
9477,0
9478,0
9479,0
9480,0
9481,0
9482,0
9483,0
9484,0
9485,0
9486,1
9487,1
9488,0
9489,1
9490,1
9491,1
9492,0
9493,0
9494,0
9495,0
9496,0
9497,0
9498,1
9499,0
9500,0
9501,0
9502,0
9503,1
9504,0
9505,1
9506,0
9507,0
9508,0
9509,0
9510,0
9511,0
9512,0
9513,0
9514,0
9515,0
9516,0
9517,0
9518,1
9519,1
9520,1
9521,1
9522,1
9523,0
9524,0
9525,0
9526,0
9527,1
9528,0
9529,0
9530,1
9531,0
9532,1
9533,0
9534,0
9535,1
9536,0
9537,0
9538,0
9539,0
9540,0
9541,0
9542,1
9543,0
9544,0
9545,0
9546,0
9547,0
9548,0
9549,0
9550,1
9551,0
9552,0
9553,1
9554,0
9555,0
9556,0
9557,0
9558,0
9559,0
9560,0
9561,0
9562,0
9563,1
9564,1
9565,0
9566,0
9567,0
9568,0
9569,0
9570,1
9571,1
9572,1
9573,0
9574,0
9575,0
9576,0
9577,0
9578,0
9579,0
9580,0
9581,1
9582,0
9583,1
9584,1
9585,0
9586,1
9587,0
9588,0
9589,1
9590,0
9591,0
9592,0
9593,1
9594,0
9595,0
9596,1
9597,1
9598,0
9599,0
9600,1
9601,1
9602,0
9603,1
9604,0
9605,0
9606,0
9607,1
9608,0
9609,0
9610,0
9611,0
9612,0
9613,1
9614,0
9615,0
9616,1
9617,0
9618,0
9619,0
9620,0
9621,0
9622,0
9623,0
9624,0
9625,0
9626,0
9627,1
9628,0
9629,0
9630,0
9631,0
9632,0
9633,0
9634,0
9635,0
9636,0
9637,0
9638,1
9639,0
9640,0
9641,1
9642,1
9643,1
9644,0
9645,0
9646,0
9647,0
9648,1
9649,0
9650,1
9651,0
9652,0
9653,0
9654,0
9655,1
9656,0
9657,0
9658,0
9659,0
9660,0
9661,1
9662,0
9663,0
9664,0
9665,0
9666,0
9667,0
9668,0
9669,0
9670,0
9671,1
9672,0
9673,0
9674,0
9675,0
9676,0
9677,0
9678,0
9679,0
9680,0
9681,0
9682,0
9683,0
9684,1
9685,0
9686,1
9687,0
9688,0
9689,0
9690,0
9691,1
9692,0
9693,1
9694,0
9695,1
9696,0
9697,0
9698,1
9699,0
9700,0
9701,0
9702,0
9703,1
9704,1
9705,0
9706,0
9707,0
9708,0
9709,1
9710,0
9711,0
9712,0
9713,1
9714,0
9715,0
9716,1
9717,0
9718,1
9719,0
9720,0
9721,1
9722,0
9723,0
9724,0
9725,0
9726,0
9727,0
9728,1
9729,0
9730,0
9731,0
9732,1
9733,1
9734,0
9735,0
9736,0
9737,1
9738,0
9739,1
9740,0
9741,0
9742,0
9743,0
9744,0
9745,0
9746,1
9747,0
9748,0
9749,0
9750,0
9751,1
9752,0
9753,1
9754,1
9755,0
9756,0
9757,0
9758,0
9759,0
9760,0
9761,0
9762,0
9763,1
9764,0
9765,1
9766,0
9767,0
9768,0
9769,0
9770,0
9771,0
9772,1
9773,0
9774,0
9775,0
9776,1
9777,0
9778,0
9779,0
9780,0
9781,1
9782,1
9783,0
9784,0
9785,0
9786,1
9787,1
9788,0
9789,0
9790,0
9791,1
9792,0
9793,0
9794,0
9795,0
9796,0
9797,1
9798,1
9799,1
9800,0
9801,0
9802,0
9803,0
9804,0
9805,0
9806,0
9807,0
9808,0
9809,0
9810,0
9811,0
9812,0
9813,0
9814,1
9815,1
9816,0
9817,1
9818,0
9819,1
9820,1
9821,0
9822,1
9823,0
9824,0
9825,0
9826,0
9827,0
9828,1
9829,0
9830,0
9831,1
9832,0
9833,0
9834,0
9835,0
9836,0
9837,0
9838,1
9839,0
9840,0
9841,1
9842,0
9843,0
9844,1
9845,0
9846,0
9847,0
9848,0
9849,1
9850,0
9851,0
9852,0
9853,0
9854,0
9855,1
9856,0
9857,0
9858,1
9859,0
9860,0
9861,0
9862,0
9863,1
9864,0
9865,0
9866,0
9867,0
9868,0
9869,0
9870,0
9871,1
9872,0
9873,0
9874,1
9875,0
9876,0
9877,0
9878,0
9879,0
9880,1
9881,0
9882,0
9883,0
9884,1
9885,0
9886,0
9887,0
9888,0
9889,0
9890,0
9891,0
9892,0
9893,0
9894,0
9895,0
9896,0
9897,0
9898,1
9899,0
9900,0
9901,0
9902,1
9903,0
9904,0
9905,0
9906,1
9907,0
9908,0
9909,0
9910,1
9911,0
9912,0
9913,0
9914,0
9915,0
9916,1
9917,0
9918,0
9919,0
9920,0
9921,0
9922,0
9923,0
9924,0
9925,0
9926,0
9927,1
9928,0
9929,0
9930,0
9931,1
9932,0
9933,1
9934,0
9935,0
9936,0
9937,1
9938,0
9939,0
9940,0
9941,1
9942,0
9943,0
9944,0
9945,0
9946,0
9947,0
9948,1
9949,0
9950,0
9951,0
9952,1
9953,1
9954,0
9955,0
9956,0
9957,0
9958,1
9959,0
9960,0
9961,1
9962,0
9963,0
9964,0
9965,0
9966,0
9967,0
9968,0
9969,1
9970,1
9971,0
9972,0
9973,0
9974,0
9975,0
9976,0
9977,1
9978,0
9979,1
9980,0
9981,0
9982,1
9983,0
9984,0
9985,1
9986,1
9987,0
9988,0
9989,0
9990,0
9991,0
9992,1
9993,0
9994,0
9995,0
9996,0
9997,1
9998,1
9999,1
10000,1
10001,0
10002,0
10003,1
10004,0
10005,0
10006,0
10007,0
10008,0
10009,1
10010,1
10011,1
10012,0
10013,0
10014,0
10015,0
10016,0
10017,0
10018,0
10019,0
10020,0
10021,1
10022,1
10023,0
10024,0
10025,0
10026,1
10027,0
10028,1
10029,0
10030,0
10031,0
10032,0
10033,1
10034,0
10035,0
10036,1
10037,0
10038,0
10039,0
10040,1
10041,1
10042,1
10043,0
10044,0
10045,0
10046,0
10047,0
10048,0
10049,1
10050,0
10051,1
10052,0
10053,0
10054,0
10055,0
10056,0
10057,0
10058,0
10059,0
10060,1
10061,1
10062,0
10063,0
10064,0
10065,1
10066,0
10067,0
10068,0
10069,0
10070,0
10071,1
10072,0
10073,0
10074,1
10075,0
10076,0
10077,0
10078,0
10079,0
10080,0
10081,0
10082,0
10083,1
10084,0
10085,0
10086,0
10087,0
10088,1
10089,0
10090,1
10091,0
10092,0
10093,1
10094,0
10095,1
10096,0
10097,0
10098,0
10099,0
10100,0
10101,1
10102,1
10103,0
10104,0
10105,1
10106,0
10107,0
10108,0
10109,0
10110,1
10111,1
10112,0
10113,0
10114,0
10115,0
10116,0
10117,0
10118,0
10119,0
10120,0
10121,0
10122,0
10123,0
10124,0
10125,0
10126,0
10127,0
10128,1
10129,1
10130,0
10131,0
10132,0
10133,0
10134,0
10135,0
10136,1
10137,0
10138,0
10139,0
10140,0
10141,0
10142,1
10143,0
10144,0
10145,0
10146,0
10147,1
10148,1
10149,0
10150,1
10151,0
10152,0
10153,0
10154,0
10155,0
10156,0
10157,0
10158,1
10159,1
10160,0
10161,0
10162,0
10163,0
10164,1
10165,0
10166,1
10167,1
10168,0
10169,0
10170,0
10171,1
10172,0
10173,0
10174,0
10175,1
10176,0
10177,1
10178,0
10179,0
10180,0
10181,0
10182,0
10183,0
10184,0
10185,0
10186,1
10187,0
10188,1
10189,0
10190,0
10191,1
10192,0
10193,1
10194,0
10195,1
10196,0
10197,0
10198,0
10199,1
10200,0
10201,0
10202,0
10203,0
10204,1
10205,0
10206,0
10207,1
10208,0
10209,0
10210,1
10211,0
10212,0
10213,0
10214,0
10215,0
10216,1
10217,0
10218,0
10219,0
10220,1
10221,0
10222,1
10223,0
10224,1
10225,0
10226,0
10227,0
10228,0
10229,0
10230,0
10231,0
10232,0
10233,0
10234,1
10235,0
10236,0
10237,0
10238,0
10239,0
10240,0
10241,0
10242,0
10243,1
10244,0
10245,0
10246,0
10247,0
10248,0
10249,0
10250,1
10251,1
10252,1
10253,0
10254,0
10255,0
10256,1
10257,1
10258,0
10259,0
10260,0
10261,1
10262,0
10263,1
10264,0
10265,0
10266,0
10267,0
10268,0
10269,0
10270,1
10271,1
10272,0
10273,0
10274,0
10275,0
10276,1
10277,0
10278,0
10279,0
10280,0
10281,1
10282,0
10283,1
10284,0
10285,1
10286,0
10287,0
10288,0
10289,0
10290,0
10291,0
10292,0
10293,0
10294,0
10295,0
10296,0
10297,1
10298,0
10299,1
10300,0
10301,0
10302,1
10303,0
10304,0
10305,0
10306,0
10307,0
10308,1
10309,0
10310,0
10311,0
10312,1
10313,0
10314,0
10315,0
10316,1
10317,0
10318,1
10319,0
10320,1
10321,0
10322,0
10323,0
10324,0
10325,0
10326,0
10327,0
10328,0
10329,0
10330,0
10331,0
10332,1
10333,0
10334,0
10335,0
10336,1
10337,1
10338,0
10339,0
10340,0
10341,0
10342,0
10343,0
10344,0
10345,1
10346,0
10347,0
10348,0
10349,0
10350,1
10351,0
10352,0
10353,0
10354,0
10355,0
10356,0
10357,0
10358,0
10359,0
10360,0
10361,0
10362,0
10363,0
10364,1
10365,0
10366,0
10367,0
10368,1
10369,0
10370,0
10371,0
10372,0
10373,0
10374,0
10375,0
10376,0
10377,0
10378,0
10379,0
10380,0
10381,0
10382,0
10383,0
10384,0
10385,1
10386,0
10387,0
10388,0
10389,1
10390,0
10391,1
10392,0
10393,1
10394,0
10395,0
10396,1
10397,0
10398,0
10399,1
10400,0
10401,0
10402,1
10403,1
10404,1
10405,0
10406,0
10407,0
10408,0
10409,1
10410,0
10411,0
10412,0
10413,0
10414,1
10415,0
10416,0
10417,0
10418,0
10419,0
10420,0
10421,1
10422,0
10423,0
10424,0
10425,0
10426,1
10427,0
10428,0
10429,1
10430,0
10431,1
10432,0
10433,0
10434,0
10435,0
10436,0
10437,0
10438,0
10439,0
10440,0
10441,0
10442,0
10443,1
10444,0
10445,0
10446,0
10447,0
10448,0
10449,0
10450,0
10451,1
10452,0
10453,0
10454,0
10455,0
10456,0
10457,1
10458,1
10459,1
10460,0
10461,1
10462,0
10463,0
10464,0
10465,0
10466,0
10467,0
10468,0
10469,0
10470,0
10471,0
10472,0
10473,1
10474,0
10475,0
10476,0
10477,0
10478,0
10479,0
10480,0
10481,0
10482,1
10483,0
10484,0
10485,0
10486,0
10487,0
10488,1
10489,1
10490,1
10491,0
10492,0
10493,0
10494,1
10495,0
10496,1
10497,0
10498,0
10499,0
10500,0
10501,0
10502,0
10503,0
10504,1
10505,0
10506,0
10507,0
10508,0
10509,1
10510,0
10511,1
10512,0
10513,0
10514,1
10515,0
10516,0
10517,0
10518,0
10519,0
10520,0
10521,0
10522,0
10523,0
10524,0
10525,0
10526,1
10527,0
10528,0
10529,1
10530,1
10531,0
10532,0
10533,0
10534,0
10535,0
10536,0
10537,0
10538,1
10539,0
10540,0
10541,0
10542,1
10543,0
10544,1
10545,0
10546,0
10547,0
10548,0
10549,0
10550,0
10551,0
10552,0
10553,0
10554,0
10555,0
10556,0
10557,0
10558,0
10559,1
10560,0
10561,1
10562,1
10563,0
10564,0
10565,0
10566,1
10567,1
10568,0
10569,0
10570,0
10571,0
10572,0
10573,1
10574,0
10575,0
10576,0
10577,0
10578,0
10579,0
10580,0
10581,0
10582,1
10583,1
10584,0
10585,0
10586,0
10587,0
10588,0
10589,0
10590,0
10591,0
10592,0
10593,0
10594,0
10595,1
10596,0
10597,0
10598,0
10599,1
10600,1
10601,0
10602,0
10603,1
10604,0
10605,0
10606,0
10607,1
10608,0
10609,1
10610,1
10611,0
10612,0
10613,0
10614,0
10615,0
10616,0
10617,0
10618,0
10619,0
10620,0
10621,0
10622,0
10623,0
10624,1
10625,0
10626,0
10627,0
10628,1
10629,0
10630,0
10631,0
10632,1
10633,1
10634,0
10635,0
10636,0
10637,0
10638,0
10639,0
10640,0
10641,1
10642,0
10643,1
10644,1
10645,0
10646,1
10647,0
10648,0
10649,1
10650,1
10651,0
10652,0
10653,0
10654,0
10655,0
10656,0
10657,0
10658,0
10659,0
10660,1
10661,0
10662,0
10663,0
10664,0
10665,0
10666,0
10667,0
10668,0
10669,0
10670,0
10671,0
10672,0
10673,0
10674,0
10675,1
10676,0
10677,0
10678,0
10679,1
10680,1
10681,1
10682,0
10683,0
10684,0
10685,0
10686,0
10687,1
10688,0
10689,0
10690,0
10691,0
10692,1
10693,0
10694,1
10695,0
10696,1
10697,0
10698,0
10699,0
10700,0
10701,0
10702,0
10703,0
10704,0
10705,1
10706,0
10707,0
10708,1
10709,0
10710,0
10711,0
10712,1
10713,0
10714,0
10715,0
10716,1
10717,0
10718,1
10719,0
10720,0
10721,0
10722,0
10723,0
10724,1
10725,0
10726,0
10727,0
10728,0
10729,0
10730,0
10731,0
10732,0
10733,0
10734,0
10735,0
10736,1
10737,0
10738,0
10739,0
10740,0
10741,0
10742,0
10743,0
10744,0
10745,1
10746,0
10747,0
10748,0
10749,1
10750,0
10751,1
10752,0
10753,1
10754,1
10755,0
10756,0
10757,0
10758,0
10759,0
10760,0
10761,0
10762,0
10763,1
10764,0
10765,1
10766,0
10767,0
10768,0
10769,0
10770,0
10771,0
10772,1
10773,1
10774,0
10775,0
10776,0
10777,0
10778,0
10779,0
10780,0
10781,0
10782,1
10783,0
10784,0
10785,0
10786,1
10787,0
10788,1
10789,1
10790,0
10791,0
10792,1
10793,1
10794,1
10795,1
10796,0
10797,0
10798,1
10799,0
10800,0
10801,0
10802,0
10803,0
10804,0
10805,0
10806,0
10807,1
10808,0
10809,0
10810,0
10811,0
10812,0
10813,1
10814,1
10815,0
10816,1
10817,0
10818,0
10819,1
10820,1
10821,0
10822,0
10823,1
10824,0
10825,0
10826,0
10827,0
10828,1
10829,0
10830,0
10831,0
10832,0
10833,0
10834,1
10835,0
10836,0
10837,0
10838,0
10839,0
10840,0
10841,0
10842,0
10843,1
10844,0
10845,0
10846,1
10847,0
10848,1
10849,0
10850,0
10851,0
10852,0
10853,0
10854,1
10855,1
10856,0
10857,0
10858,0
10859,0
10860,0
10861,0
10862,0
10863,0
10864,1
10865,0
10866,0
10867,0
10868,0
10869,0
10870,1
10871,0
10872,0
10873,0
10874,0
10875,0
10876,1
10877,0
10878,0
10879,0
10880,0
10881,1
10882,0
10883,0
10884,1
10885,1
10886,0
10887,0
10888,1
10889,1
10890,0
10891,0
10892,1
10893,1
10894,0
10895,0
10896,0
10897,0
10898,1
10899,1
10900,0
10901,0
10902,0
10903,0
10904,0
10905,0
10906,0
10907,1
10908,0
10909,0
10910,0
10911,1
10912,0
10913,0
10914,0
10915,0
10916,1
10917,0
10918,0
10919,1
10920,0
10921,0
10922,0
10923,0
10924,0
10925,0
10926,0
10927,0
10928,0
10929,0
10930,1
10931,1
10932,0
10933,0
10934,0
10935,0
10936,1
10937,0
10938,0
10939,0
10940,0
10941,1
10942,0
10943,0
10944,0
10945,0
10946,0
10947,0
10948,0
10949,1
10950,1
10951,0
10952,0
10953,1
10954,0
10955,0
10956,0
10957,1
10958,0
10959,0
10960,1
10961,0
10962,0
10963,0
10964,0
10965,0
10966,0
10967,0
10968,0
10969,0
10970,0
10971,1
10972,0
10973,0
10974,1
10975,0
10976,0
10977,0
10978,1
10979,0
10980,0
10981,0
10982,0
10983,0
10984,0
10985,1
10986,0
10987,1
10988,0
10989,0
10990,0
10991,0
10992,0
10993,0
10994,0
10995,0
10996,0
10997,0
10998,1
10999,0
11000,0
11001,0
11002,0
11003,1
11004,0
11005,0
11006,0
11007,0
11008,0
11009,0
11010,0
11011,0
11012,0
11013,0
11014,0
11015,1
11016,0
11017,0
11018,0
11019,0
11020,1
11021,0
11022,0
11023,1
11024,0
11025,1
11026,0
11027,0
11028,1
11029,0
11030,1
11031,0
11032,1
11033,0
11034,0
11035,0
11036,0
11037,0
11038,0
11039,0
11040,0
11041,1
11042,0
11043,0
11044,0
11045,0
11046,1
11047,0
11048,0
11049,0
11050,0
11051,0
11052,0
11053,0
11054,0
11055,0
11056,1
11057,0
11058,0
11059,0
11060,0
11061,1
11062,0
11063,0
11064,1
11065,1
11066,0
11067,0
11068,0
11069,0
11070,0
11071,0
11072,1
11073,0
11074,0
11075,0
11076,0
11077,0
11078,0
11079,0
11080,1
11081,0
11082,1
11083,1
11084,0
11085,0
11086,0
11087,0
11088,0
11089,0
11090,0
11091,0
11092,0
11093,0
11094,0
11095,0
11096,0
11097,1
11098,0
11099,0
11100,0
11101,0
11102,1
11103,1
11104,1
11105,0
11106,1
11107,0
11108,1
11109,0
11110,0
11111,1
11112,0
11113,1
11114,1
11115,1
11116,0
11117,0
11118,0
11119,1
11120,0
11121,0
11122,0
11123,1
11124,1
11125,1
11126,0
11127,0
11128,1
11129,0
11130,0
11131,0
11132,0
11133,0
11134,0
11135,0
11136,0
11137,0
11138,0
11139,0
11140,1
11141,0
11142,1
11143,0
11144,0
11145,0
11146,0
11147,1
11148,0
11149,1
11150,0
11151,0
11152,0
11153,0
11154,1
11155,0
11156,1
11157,0
11158,1
11159,0
11160,0
11161,0
11162,1
11163,0
11164,0
11165,0
11166,0
11167,0
11168,0
11169,0
11170,1
11171,1
11172,0
11173,1
11174,0
11175,0
11176,0
11177,0
11178,1
11179,0
11180,1
11181,0
11182,0
11183,0
11184,1
11185,0
11186,0
11187,0
11188,1
11189,1
11190,0
11191,0
11192,0
11193,0
11194,0
11195,0
11196,1
11197,1
11198,0
11199,0
11200,1
11201,1
11202,0
11203,0
11204,0
11205,0
11206,0
11207,0
11208,0
11209,1
11210,0
11211,0
11212,0
11213,0
11214,0
11215,0
11216,0
11217,0
11218,0
11219,0
11220,0
11221,0
11222,0
11223,0
11224,0
11225,0
11226,0
11227,0
11228,0
11229,0
11230,0
11231,0
11232,0
11233,0
11234,1
11235,0
11236,0
11237,0
11238,0
11239,0
11240,0
11241,1
11242,0
11243,0
11244,1
11245,0
11246,0
11247,1
11248,0
11249,1
11250,1
11251,0
11252,0
11253,0
11254,0
11255,1
11256,0
11257,0
11258,0
11259,0
11260,0
11261,0
11262,0
11263,0
11264,0
11265,0
11266,0
11267,0
11268,0
11269,0
11270,0
11271,0
11272,1
11273,0
11274,1
11275,0
11276,0
11277,0
11278,0
11279,1
11280,0
11281,1
11282,0
11283,1
11284,0
11285,0
11286,0
11287,1
11288,1
11289,0
11290,1
11291,1
11292,0
11293,0
11294,0
11295,0
11296,0
11297,0
11298,0
11299,0
11300,0
11301,0
11302,0
11303,1
11304,0
11305,1
11306,1
11307,0
11308,1
11309,0
11310,1
11311,0
11312,0
11313,0
11314,0
11315,1
11316,0
11317,1
11318,0
11319,1
11320,0
11321,0
11322,1
11323,0
11324,1
11325,0
11326,0
11327,1
11328,0
11329,0
11330,0
11331,0
11332,0
11333,0
11334,0
11335,0
11336,0
11337,1
11338,1
11339,0
11340,0
11341,0
11342,0
11343,0
11344,0
11345,0
11346,0
11347,0
11348,1
11349,1
11350,0
11351,1
11352,0
11353,0
11354,0
11355,0
11356,1
11357,1
11358,1
11359,0
11360,0
11361,1
11362,0
11363,0
11364,0
11365,0
11366,0
11367,1
11368,0
11369,1
11370,1
11371,1
11372,0
11373,0
11374,1
11375,0
11376,0
11377,1
11378,0
11379,0
11380,0
11381,0
11382,0
11383,1
11384,0
11385,1
11386,0
11387,1
11388,0
11389,0
11390,0
11391,0
11392,0
11393,0
11394,1
11395,0
11396,0
11397,1
11398,1
11399,0
11400,0
11401,0
11402,0
11403,0
11404,0
11405,0
11406,0
11407,1
11408,0
11409,0
11410,0
11411,0
11412,1
11413,0
11414,0
11415,1
11416,0
11417,0
11418,0
11419,0
11420,1
11421,0
11422,0
11423,1
11424,0
11425,1
11426,0
11427,1
11428,0
11429,1
11430,0
11431,1
11432,0
11433,0
11434,0
11435,0
11436,1
11437,1
11438,1
11439,0
11440,0
11441,0
11442,0
11443,0
11444,0
11445,0
11446,0
11447,1
11448,1
11449,0
11450,0
11451,1
11452,0
11453,0
11454,1
11455,0
11456,0
11457,0
11458,1
11459,0
11460,0
11461,0
11462,1
11463,1
11464,0
11465,0
11466,1
11467,1
11468,1
11469,1
11470,0
11471,0
11472,0
11473,0
11474,0
11475,0
11476,0
11477,0
11478,0
11479,0
11480,0
11481,0
11482,0
11483,0
11484,0
11485,0
11486,0
11487,0
11488,1
11489,1
11490,0
11491,0
11492,0
11493,0
11494,1
11495,1
11496,0
11497,0
11498,0
11499,0
11500,1
11501,0
11502,1
11503,0
11504,1
11505,0
11506,0
11507,0
11508,1
11509,1
11510,0
11511,0
11512,0
11513,0
11514,1
11515,0
11516,0
11517,1
11518,1
11519,1
11520,0
11521,1
11522,0
11523,1
11524,0
11525,1
11526,0
11527,0
11528,0
11529,0
11530,0
11531,1
11532,0
11533,0
11534,0
11535,1
11536,0
11537,0
11538,0
11539,0
11540,0
11541,0
11542,0
11543,0
11544,0
11545,0
11546,0
11547,0
11548,0
11549,0
11550,0
11551,1
11552,0
11553,0
11554,1
11555,0
11556,1
11557,0
11558,0
11559,1
11560,0
11561,0
11562,0
11563,0
11564,0
11565,0
11566,0
11567,0
11568,0
11569,0
11570,0
11571,0
11572,0
11573,0
11574,1
11575,0
11576,1
11577,1
11578,0
11579,0
11580,0
11581,0
11582,0
11583,0
11584,0
11585,0
11586,0
11587,0
11588,0
11589,1
11590,0
11591,0
11592,0
11593,0
11594,0
11595,1
11596,0
11597,0
11598,0
11599,1
11600,0
11601,0
11602,0
11603,1
11604,0
11605,0
11606,1
11607,1
11608,0
11609,0
11610,0
11611,0
11612,0
11613,0
11614,0
11615,0
11616,0
11617,0
11618,0
11619,0
11620,0
11621,1
11622,0
11623,0
11624,0
11625,0
11626,0
11627,0
11628,0
11629,1
11630,0
11631,0
11632,1
11633,0
11634,0
11635,1
11636,1
11637,0
11638,0
11639,0
11640,1
11641,0
11642,0
11643,0
11644,1
11645,0
11646,0
11647,1
11648,0
11649,0
11650,0
11651,1
11652,0
11653,1
11654,0
11655,0
11656,0
11657,1
11658,0
11659,0
11660,0
11661,0
11662,0
11663,1
11664,0
11665,0
11666,1
11667,1
11668,0
11669,0
11670,1
11671,0
11672,0
11673,0
11674,0
11675,1
11676,0
11677,1
11678,0
11679,0
11680,0
11681,1
11682,0
11683,0
11684,0
11685,1
11686,0
11687,1
11688,0
11689,0
11690,1
11691,1
11692,0
11693,0
11694,0
11695,0
11696,0
11697,0
11698,0
11699,0
11700,0
11701,1
11702,0
11703,0
11704,0
11705,0
11706,0
11707,0
11708,1
11709,0
11710,0
11711,0
11712,0
11713,0
11714,0
11715,0
11716,0
11717,0
11718,0
11719,0
11720,0
11721,0
11722,0
11723,0
11724,1
11725,0
11726,0
11727,0
11728,1
11729,1
11730,0
11731,0
11732,0
11733,0
11734,0
11735,0
11736,0
11737,0
11738,0
11739,1
11740,1
11741,0
11742,0
11743,0
11744,0
11745,0
11746,1
11747,0
11748,0
11749,1
11750,0
11751,0
11752,0
11753,0
11754,0
11755,0
11756,1
11757,0
11758,1
11759,0
11760,1
11761,0
11762,0
11763,1
11764,0
11765,1
11766,0
11767,0
11768,0
11769,0
11770,0
11771,0
11772,0
11773,0
11774,0
11775,0
11776,0
11777,0
11778,0
11779,0
11780,0
11781,0
11782,0
11783,0
11784,0
11785,1
11786,0
11787,0
11788,1
11789,1
11790,1
11791,0
11792,0
11793,1
11794,1
11795,0
11796,0
11797,0
11798,0
11799,0
11800,1
11801,0
11802,0
11803,0
11804,0
11805,0
11806,1
11807,1
11808,0
11809,0
11810,1
11811,0
11812,0
11813,0
11814,0
11815,0
11816,1
11817,0
11818,0
11819,1
11820,0
11821,1
11822,0
11823,0
11824,0
11825,0
11826,1
11827,0
11828,1
11829,0
11830,0
11831,0
11832,0
11833,0
11834,1
11835,0
11836,0
11837,0
11838,0
11839,1
11840,0
11841,0
11842,0
11843,0
11844,1
11845,1
11846,0
11847,0
11848,0
11849,0
11850,0
11851,0
11852,1
11853,1
11854,0
11855,0
11856,1
11857,0
11858,0
11859,1
11860,1
11861,0
11862,0
11863,1
11864,0
11865,0
11866,0
11867,0
11868,0
11869,0
11870,0
11871,1
11872,0
11873,0
11874,0
